name,level,hasChild,parent,link,item_codes
"Nước rửa rau, củ, quả",2,False,"Rau củ, trái cây",https://cooponline.vn/groups/nuoc-rua-rau-cu-qua/,94725
Củ,3,False,Rau Củ,https://cooponline.vn/groups/cu/,"107042,105246,105244,105232,105121,99790,99696,96164,96162,96148,95984,93278,93254,93233,93231,93229,93227,93225,93223,93221,93219,93217,93214,93212,93210,93208,93206,93204,93202,93200,93198,93193,93191,93189,93187,93185,93183,93179,93177,93175,93173,93171,93169,93167,93165,93163,93161,93159,93157,93155,93153,91516,91512,91502,88950,88922,88909,88907,88903,88885,88788,87375,86488,86021,85770,85648,81510,81195,81121,81118,81114,81110,81108,81106,81104,81098,81096,81093,81090,81088,81086,81084,81081,81078,81076,81074,81072,81069,81062,81014,80742,80740,80738,80736,80734,80732,80730,80728,80726,80251,80222,78539,78537,78535,78488,77054,77052,77050,77048,77044,74561,74557,74555,74553,74541,74433,74431,74429,71980,71605,71601,71599,71595,71593,71585,71579,71560,71558,71554,71552,71550,71548,71546,71544,71542,71528,71526,71523,71521,70119,70053,70049,69391,68911,68839,67826,66273,66271,66269,66267,66265,66263,66261,66257,66255,66253,66251,66247,66245,66243,66240,66236,66237,66137,66135,65977,63059,61314,61312,61300,61294,61292,61290,61039,59676,59674,59670,59668,59666,59664,59662,59660,59654,59652,59650,59642,58741,57277,51809,51789,51787,51785,51781,51779,51628,46108,45245,45239,45221,45219,45190,45155,45126,45092,45090,43296,43294,43289,26661,1166,27407,40444,39036,38765,38322,38320,38318,38316,38311,38308,7070,37234,273,36364,6383,35612,35575,34055,34052,34046,34029,33906,33900,33897,33891,33850,33848,33845,33843,33647,33645,33641,33634,33630,33628,33597,33593,33587,33577,33573,33124,32494,32471,32444,32442,32292,32109,31813,31662,31435,31431,31414,31410,31014,30995,30988,30987,30986,30985,30770,30735,30728,30577,30568,29452,29245,29236,29206,29204,29202,29200,29192,29127,29125,29123,29117,29115,29113,29107,29105,29102,29096,28749,28747,28708,28575,28572,28568,28500,28494,28492,27932,27845,27831,27825,27823,27805,27795,27781,27762,27708,27695,27693,27674,27671,27666,27531,27412,27409,1149,26703,26701,26673,26671,26667,26649,25827,25235,2320,24852,24850,2038,23711,23709,23707,1183,1180,266,1131,17035,16260,260,16117,14066,13198,13196,13194,13188,13182,13180,13178,13176,13172,13170,13168,13136,13134,13116,13114,13112,13108,13109,13106,13104,13102,12497,12362,12330,12299,12297,11310,11305,10145,9815,9466,8581,8568,7722,7715,7221,7072,6787,241,6444,6438,6413,6391,6389,6387,6385,2833,2830,2597,276"
"Rau nêm, rau thơm",3,False,Rau Củ,https://cooponline.vn/groups/rau-nem-rau-thom/,"99682,93151,93149,93145,93143,93132,93096,93092,93083,87379,87377,81557,81550,81548,81542,81539,80768,80766,80762,80756,80754,80751,80746,71575,68831,68820,68818,68814,68748,68746,68743,68710,68696,68675,68671,68661,46103,45265,45263,45261,45259,45257,45255,45248,45240,45236,45201,45199,45195,45184,45180,45139,45136,44643,43244,33904,33871,33869,33867,33865,33863,33861,33859,33857,33636,33626,33611,33500,32502,32300,31812,30787,30776,29524,29194,29158,29154,29150,29148,29146,29142,29138,28879,28872,28715,28565,28483,27699,27604,27535,27519,27402,27400,27398,25814,25812,25810,25808,22410,9002,9000,6440,6401,6379"
"Rau xào, nấu canh",3,False,Rau Củ,https://cooponline.vn/groups/rau-xao-nau-canh/,"105242,105240,105238,105236,99835,99800,99788,99786,99784,99692,99688,99686,93742,93147,93141,93139,93137,93134,93130,93128,93126,93124,93122,93120,93117,93113,93111,93099,93089,93086,92250,92248,92246,92244,91514,91506,91504,90167,90164,90161,90159,90157,90155,90153,90151,90147,70047,88944,88940,88938,86085,82745,81555,81553,81546,81539,81537,81535,81533,81531,81529,81527,81523,81519,81517,81209,80764,80760,80758,80750,80748,80744,80364,74559,72646,72644,72637,72635,71983,71976,71577,71571,71519,71407,71405,71403,71401,71399,71397,71395,71390,70061,68830,68832,68833,68828,68826,68824,68822,68783,68778,68776,68770,68768,68764,68754,68741,68733,68712,68708,68706,68704,68702,68700,68698,68693,68691,68679,68674,68670,68669,68651,68645,68538,68525,68524,68514,68511,68493,68487,68472,68469,68454,68452,68437,68422,68374,67827,66279,61310,61308,61306,61304,61302,61298,61296,61284,59672,59658,59656,59648,59646,59644,58743,58026,58024,58020,58018,56738,56728,56465,54955,54953,54950,51906,51902,51900,51815,51811,51807,51805,51799,51797,51795,51783,51777,51773,51771,51769,51766,46859,46130,46128,45253,45250,45153,45151,45149,45145,45132,45134,44711,44707,43241,43239,43237,43234,43231,43229,43227,41584,33496,2573,26713,38343,38341,38339,38337,38334,38332,38330,38326,38324,38313,38210,34555,34547,34545,34543,34541,34535,34140,34138,34136,34027,33912,33902,33895,33893,33889,33887,33885,33883,33881,33855,33853,33841,33839,33836,33834,33832,33830,33828,33826,33643,33639,33633,33624,33622,33620,33617,33615,33613,33609,33607,33605,33603,33601,33599,33571,33514,33512,33510,33508,33506,33504,33502,33498,33491,33488,33077,33075,32298,31441,31440,31439,31434,31433,31416,30788,30765,30708,30574,29198,29196,29160,29152,29140,29135,29131,29129,29111,29109,28740,28706,28559,28557,28555,28552,28550,28546,28540,28502,28485,27872,27864,27851,27793,27789,27641,27537,27533,27529,27524,26725,26717,26715,26711,26709,26705,26669,26644,2024,24848,24844,24840,24838,24836,24833,2240,2237,23685,23683,1163,18104,271,1143,14538,13299,13297,12747,12492,12295,9674,9595,9593,9543,8578,1651,2176,251,248,238,6442,6403,2735,2732,2723,2670,2603,2600,2576,1593,1177,235"
Xà lách,3,False,Rau Củ,https://cooponline.vn/groups/xa-lach/,"99807,99796,99794,93115,92241,88948,88946,88942,88928,81746,81525,81515,81512,81187,80419,68479,68475,61288,61286,61282,61280,61278,56467,51626,51620,51618,43255,43252,43248,2580,35616,33910,33908,28476,26723,26721,26719,13397,13395,13392,13390,13388,13378,12301,9541,721"
"Cam, bưởi, quýt",3,False,Trái cây,https://cooponline.vn/groups/cam-buoi-quyt/,"105122,105076,104953,99827,93251,93243,82419,81567,80829,80366,72642,72640,68932,68930,68918,68916,58728,51860,51760,50977,45980,41474,41472,34048,34040,33130,33126,32284,31009,30877,30739,30730,30726,30579,29070,27944,27705,27415,26647,16269,13120,13100,13098,13096,12749,10847,10857,7731,2713,2710,1599,1173"
Dưa,3,False,Trái cây,https://cooponline.vn/groups/dua/,"105124,105054,93260,93241,93239,93237,93235,84449,82042,82044,81565,81561,68920,68909,68907,68902,66722,66576,32473,63056,51948,51819,51775,45159,45157,42605,42603,42595,34743,30710,30581,29520,28901,28892,27727,27702,27698,27543,2584,23695,23693,23691,23687,17010,17008,14651,14649,6472,973,518"
"Nho, kiwi",3,False,Trái cây,https://cooponline.vn/groups/nho-kiwi/,"93282,93280,71597,70943,68845,45223,45225,30862,35614,33922,33918,33914,32496,32469,32467,32457,32446,32438,31022,30989,30790,30759,29866,29085,28949,27808,27772,27723,27582,14653,12528,9820,7066,7037,1223,639,507,504"
"Táo, lê",3,False,Trái cây,https://cooponline.vn/groups/tao-le/,"99825,94793,94784,94782,94779,94775,93291,81559,80871,72607,71603,71587,70589,70585,70567,69389,68938,68924,68922,68896,68894,68880,62492,62474,62472,58831,58732,58726,56659,44813,44810,37536,34254,34023,33924,33916,33048,32479,32477,32475,32459,32448,32276,32274,31815,31809,30997,30994,30858,30741,30583,30571,29864,29518,29188,29081,29068,28710,27951,27949,27784,27778,27736,27721,27716,27688,27649,27577,27551,27549,27547,27545,22524,22516,22514,22511,17745,16855,15129,14759,12501,7717,499,2717,2667,1226,636"
Trái cây khác,3,False,Trái cây,https://cooponline.vn/groups/trai-cay-khac/,"105409,105408,104770,104763,104653,104546,104543,99977,99831,99702,99698,96399,93286,93284,93257,93249,93247,93245,91499,91497,87969,87967,81583,81581,81579,81577,81575,81571,81569,81563,80868,80866,80849,80840,80837,80834,80770,80479,79106,79102,79099,71997,71994,71987,71583,71581,71573,71569,71567,68936,68934,68928,68926,68914,68904,68900,68898,68892,68888,68886,68884,68882,68878,68859,68857,68856,68854,68852,68850,68848,68843,68841,68723,65971,41076,59680,59678,56158,51803,51793,46429,46114,45210,39664,39034,38763,38723,38721,38719,38717,37251,37232,37229,37227,35610,34260,34258,34256,34025,33995,33920,33128,32492,32465,32440,32436,32280,31437,31407,31011,30991,30852,30761,30756,30747,30724,30720,30716,30714,30712,30585,30569,29862,29859,29857,29522,29512,29190,29186,29184,29121,29119,29094,29092,29090,29088,29079,29077,29075,29073,29045,28945,28916,28909,28577,27946,27829,27813,27786,27765,27718,27636,27580,27541,27527,1204,25243,2590,21884,1217,17007,16983,2027,16878,16877,15777,14757,14753,14081,13300,13141,13140,13138,976,9470,7148,6474,6321,6319,2820,2615,2612,2587,2058,1446,1198,496,492"
Bò và thịt các loại,3,False,Thịt,https://cooponline.vn/groups/bo-va-thit-cac-loai/,"99833,93288,81495,81493,81491,81489,81485,81483,81481,80724,71589,71242,71237,66226,66183,66181,66179,66177,66175,66172,60908,60906,60904,60902,46435,46189,43392,42346,40774,40772,40770,34235,34050,31810,31375,30563,29833,29831,29829,29827,29532,29530,28976,28738,28730,28719,28509,27812,27807,27800,27792,27782,27771,27767,27763,27747,27572,26625,26623,26248,26245,26230,16262,10626,6626,6622"
"Gà, vịt",3,False,Thịt,https://cooponline.vn/groups/ga/,"88618,88616,88614,88612,88610,88608,87864,84213,81499,81497,80722,80262,71613,71611,71532,71387,66210,66208,66206,66202,66200,66198,66196,62496,58759,56586,56469,56056,56054,56052,56050,56048,56046,56044,56042,56040,56038,56036,56034,56032,56030,55367,55369,55365,55173,55171,49913,46622,46433,46427,46211,46195,46173,46122,46112,46110,46101,46099,46092,45989,45986,45984,45982,45209,45207,45203,45176,45175,45171,45167,45165,45163,45161,45146,45143,44714,44697,31402,31401,31393,35992,35990,35570,34038,32566,32453,32451,32433,31398,31390,31388,30850,30784,30758,29419,29417,29415,29411,29409,29407,29405,29356,29353,29234,29232,29230,29228,29226,29168,29164,28750,28739,28733,28732,28534,27936,27935,27933,27855,27846,27841,27834,27753,27658,27652,27617,27515,26691,26686,26684,26682,26680,26678,26675,17467,16365,15457,13200,13152,13145,13132,13128,12481,10616,10614,10611,10609,10607,10605,10603,10601,10599,10597,10595,10593,10591,10589,9745,7504,7500,7497,7492,7490,7039,7187"
Thịt heo,3,False,Thịt,https://cooponline.vn/groups/thit-heo/,"65358,65353,65159,65155,65148,65146,64695,64693,64690,64686,64684,64682,64680,64678,64673,64252,64248,64246,64244,63050,63048,63046,63044,63042,63040,63037,62585,62481,62477,61421,61422,61423,61424,61419,60952,60936,60933,60930,60927,60924,60922,60920,60918,60916,60914,60912,60910,50656,46431,46206,46199,46193,46191,46182,46180,46178,46175,46126,46124,45953,45931,45216,45212,45186,45182,45178,45172,45169,44827,44796,44792,44790,44695,44688,44662,44641,44639,43408,43406,43403,43401,43398,43394,43390,43385,43383,43381,43378,42342,41961,41958,41956,41953,41951,41949,41943,41941,41935,41930,41571,40815,40813,40811,40809,38793,38364,38362,38359,38357,38355,38353,38351,38349,35698,35694,34283,34281,34279,34277,34275,34273,34271,34269,34267,34265,34263,34232,32285,31808,31806,31805,31409,31399,31396,31394,31387,31384,31383,31382,31381,31380,31379,31378,31377,31373,31372,30599,30597,30595,30591,30589,30587,29450,29346,29343,29341,29339,29337,29335,29333,29331,29329,29327,29325,29323,29321,29318,29316,29314,29311,29309,29307,29305,29303,29301,28984,28983,28981,28979,28978,28977,28974,28972,28971,28969,28967,28957,28955,28953,28727,28721,27941,27939,27937,27930,27928,27926,27925,27924,27923,27922,27914,27893,27891,27889,27887,27885,27828,27821,27819,27770,27756,27743,27709,27634,27632,27629,27623,26737,26735,26733,26731,26729,26727,26659,26657,26654,26652,26621,26618,26616,26614,26611,26306,26303,26301,26299,26297,26294,26292,26288,26285,26283,26280,26278,26275,26273,26271,26269,26243,26240,26238,26236,26234,465,458,222,218,11324,10622,10620,10618,9123,7735,7733,7086,6841,6838,6830,6828,6824,6816,6814,6802,6809,6782,6780,6778,226,461"
Cá,3,False,Thủy hải sản,https://cooponline.vn/groups/ca/,"104010,99712,99710,93267,93265,64588,64572,45975,45973,45968,45962,45229,45128,43453,43414,43412,43376,43371,43342,43339,42719,42717,42710,42707,42705,42697,42691,42686,42683,42681,42678,42675,42666,42664,42662,42660,42655,42653,42650,42648,42645,42640,42634,40469,39342,39340,38167,34044,34042,32606,32585,32583,32290,31692,31312,30783,30780,30777,30763,30566,29632,29628,29626,29624,29622,29620,29618,29614,29612,29610,29607,29605,29603,29601,29599,29597,29595,29593,29454,29403,29388,28943,28795,28793,28791,28789,28783,28742,28723,28506,28504,27916,27741,27559,27557,27555,27553,27513,26743,26697,26695,26693,2032,2018,2352,2305,2299,257,21242,16405,16403,15126,13130,8481,7727,7012,6909,6907,6905,2296,2293,2227,2015,468"
Hải sản,3,False,Thủy hải sản,https://cooponline.vn/groups/hai-san/,"99985,99979,99708,93263,80709,71609,71607,71538,64592,64590,64586,64578,35680,35665,46865,46863,46201,45205,43349,43347,43344,42712,42702,42699,42694,42689,42673,42671,42669,42642,42638,42636,41973,41968,39326,38305,38176,38173,38171,38169,33819,33190,32544,32296,32294,32282,31364,30565,30448,29630,29616,29378,29376,28787,28781,28731,28725,27725,27569,27562,26741,26739,263,15157,15158,12516,12368,11318,11316,11314,11312,9120,9117,2184"
Trứng cút,3,False,Trứng,https://cooponline.vn/groups/trung-cut/,"58755,46867,46215,29528,29049,27900,16367,3073"
Trứng gà,3,False,Trứng,https://cooponline.vn/groups/trung-ga/,"105217,97893,97890,97886,97883,97880,97877,91168,81505,80707,80685,58519,70068,66277,66275,62494,58724,56730,56164,54948,51616,51612,50848,50844,49924,47252,47250,46240,46236,46233,46230,46227,46225,46223,46221,46219,46056,44764,42365,38758,6608,34206,34204,32705,32119,32118,32113,31816,31405,30567,29526,29448,29440,29421,29351,29053,29051,28961,28959,28745,28743,28734,27896,27883,27879,27875,16373,16111,13353,13355,13350,13317,13315,13307,13305,10542,9589,6618,6616,6614,6610,3109"
Trứng vịt,3,False,Trứng,https://cooponline.vn/groups/trung-vit/,"81508,81503,81501,61962,58737,51764,51762,46244,46242,44761,44731,42376,34202,34199,34197,34195,32117,32115,31391,29425,29423,29348,29047,28965,27898,27881,27517,16102,13377,13375,13371,13367,13366,6620,6612,6348,3070,709"
"Bún tươi, bánh canh",2,False,"Thức ăn chế biến, bún tươi",https://cooponline.vn/groups/bun-tuoi-banh-canh/,"84929,84521,81392,81390,78150,17624,56742,52059,48950,35560,31429,31427,31425,31423,31421,31418,27511,3304,17626,17622,17616,9892,6397"
Thức ăn nấu chín,3,False,Thức ăn chế biến,https://cooponline.vn/groups/thuc-an-nau-chin/,"105264,105262,105260,105250,104026,104025,104021,104022,104019,104015,104016,104008,104005,104003,104001,103998,103994,99957,99919,99915,99912,99909,93495,91174,87862,84221,84219,84217,84215,83172,83170,83167,83165,83145,103985,81840,81471,81469,81467,81452,81445,81438,81395,80681,80530,72885,71530,68342,68337,57286,57283,49921,49509,49502,49389,49386,49384,49382,49380,49378,49375,49371,43893,43891,43889,43885,40475,38298,35689,35687,35685,35663,35660,35657,35655,35558,35556,35553,35544,35542,34192,34160,33810,33808,33806,33796,33516,32511,32463,32212,32210,32206,32204,30864,30860,30805,30792,30749,29591,29589,29587,29585,29583,29581,29579,29577,29575,29573,29386,29384,29382,29358,27920,27759,27755,27748,27734,27711,27704,24467,24465,24413,24273,24155,24152,24081,24079,24036,24034,23957,23941,23939,23859,23857,23855,23847,23843,23841,23838,23821,23815,23813,23442,23421,23266,23262,23058,20944,20942,16371,16369,16361,12484,11320,9126,7739,6346,2311"
Thức ăn tẩm ướp,3,False,Thức ăn chế biến,https://cooponline.vn/groups/thuc-an-tam-uop/,"104691,104689,104014,104012,104006,103999,103992,91571,91456,81475,81473,81205,80528,80362,72883,72881,72879,71534,47521,46870,45233,45131,42714,42391,42381,32589,32587,32572,32555,32550,32432,32428,32424,32418,32415,32407,32305,30794,29505,29413,29401,29399,29390,29380,29362,29360,27729,27691,27678,27654,26459,26457,26453,26446,26450,26444,26442,26440,26438,26435,26433,26431,26429,26427,26425,26423,26421,26419,26417,26415,26413,26411,26409,26407,26405,26403,26387,26385,26383,19243,19241,16363,16107,12475,11322,11301,2673,2606,2594,1208"
"Kem cây, ly",3,False,Kem,https://cooponline.vn/groups/kem-cay-ly/,"100039,100037,100033,100031,100029,100027,100006,94367,94170,89653,89006,89005,89002,8210,8208,8206,8204,76797,76795,62708,56484,61442,61439,48255,48253,48251,46757,46671,46669,46667,46665,46607,46604,46600,46598,45906,45904,43519,40708,40704,40689,40685,40680,40674,38731,36011,36007,21078,20182,20180,16413,16411,16409,14190,14187"
Kem hộp,3,False,Kem,https://cooponline.vn/groups/kem-hop/,"16734,16732,16728,100041,100035,98851,98849,98847,98844,312,68978,62385,62383,62380,62378,62375,62373,62371,62348,62346,62344,62342,62337,62333,62327,62325,62323,59108,59106,59104,59037,56490,59426,59421,40677,10981,38729,10979,37988,37924,37922,37920,36020,2959,16770,16768,10983,16730,16475,16473,16471,15620,15618,15616,14193,14177,14173,14171,14169,8312,8310,8300,8298,8215,318,315"
"Hoành thánh, bánh xếp…",3,False,Thực phẩm đông lạnh,https://cooponline.vn/groups/hoanh-thanh-banh-xep/,"104327,104324,10248,10230,21218,98945,98943,98605,98603,94448,94443,94441,94439,94437,94431,94352,92776,2525,2522,91139,90187,90079,90055,87600,86164,85742,1383,84544,80433,79244,79229,79226,78885,77278,76711,76693,75657,75655,75652,75650,74381,74356,74309,74305,73417,73414,72273,70760,69357,68780,68230,16678,59580,50855,49815,43861,41849,41583,39996,38927,38912,38727,37996,37014,36609,36140,36023,35634,35631,35628,35620,27989,27686,27348,27342,27340,26196,25449,25446,25443,24456,23768,23765,23763,22943,21227,21215,21212,20499,20237,20170,1498,19839,17974,17965,16724,16720,16676,16674,16441,16399,16384,16382,16380,2528,15583,14194,13964,13961,12309,10860,10293,10224,9987,9934,9863,9069,9058,8284,8278,8276,8274,8259,7293,7287,7139,6572,3751,3295,3286,3246,1752,1486,1453"
"Lẩu, rau củ đông lạnh",3,False,Thực phẩm đông lạnh,https://cooponline.vn/groups/lau-rau-cu-dong-lanh/,"106725,104444,104435,104432,100273,100271,100269,98049,94586,94276,94272,94260,94254,91813,89919,88583,86935,83955,80437,76685,72695,72688,72678,69330,68012,67966,66234,63441,63439,62498,46747,43357,40846,40844,40842,40553,40551,35722,32528,27360,27358,27356,27320,27311,27068,27045,27031,25778,24180,24178,24169,24167,20497,19831,19829,19792,19237,3234,17265,16445,16394,15572,14666,12959,7881,7878,7808"
"Thịt, hải sản đông lạnh",3,False,Thực phẩm đông lạnh,https://cooponline.vn/groups/thit-hai-san-dong-lanh/,"105386,105385,103696,99998,99991,99988,99868,99865,99863,99861,99859,99857,99839,99837,99833,99817,97603,97547,97545,95796,95794,95263,94428,93849,93847,93844,93842,93839,93825,93367,93365,93293,89769,89765,69563,88585,88581,88579,86943,86933,86931,85170,84352,84350,83962,81477,80626,79817,79259,79257,78810,78808,78804,78802,78800,78553,77329,76136,75659,74246,71640,71154,71137,71133,69619,69334,69332,68954,68795,68793,68476,68385,68368,68340,68050,68044,68003,63069,61452,50853,49181,49179,49177,47607,47602,47600,46927,46921,46917,46839,46500,46197,45059,45057,45055,45025,45023,44880,42746,41765,40547,39786,39465,37016,35867,35865,35847,34320,28947,27354,27322,27317,27302,27297,26052,25583,25591,25589,2284,20925,23673,23671,23603,23273,23271,22814,3694,20915,20907,20487,20430,20111,17286,16766,16747,16664,16396,15196,14342,14340,14336,13592,13590,13530,13528,12969,12386,10882,10839,10764,10258,10206,9967,9903,9056,9054,8608,8606,7913,7909,7787,7337,5342,5340,3701,3653,3677,3520,3243,3240,2989,2974,2224,2042"
Thực phẩm đông lạnh khác,3,False,Thực phẩm đông lạnh,https://cooponline.vn/groups/thuc-pham-dong-lanh-khac/,"105383,104438,104436,104382,104337,104335,103669,102829,102826,102823,100004,100001,99995,98984,98842,98840,98838,98836,98834,98522,98520,97227,43523,93362,93360,93357,93013,92320,92318,92316,92315,35981,35979,35977,35975,16670,90185,90181,90179,90177,90088,90086,90084,90082,90062,90061,90060,88827,88825,88822,88820,87542,86941,86938,1392,84077,83908,83906,83904,83846,80431,77412,77410,77403,76697,76687,76683,76681,76679,76677,75538,75446,75221,75219,74448,74212,74195,71226,71162,71129,70000,69998,69952,69642,69613,69582,69375,69340,69329,69023,68975,68798,68775,68773,68362,67993,3289,62712,62401,62397,62395,62393,62391,62389,59628,59626,59583,58829,58757,51955,51953,50851,47605,46804,45018,43465,43463,41926,41910,41812,41788,41745,41216,40545,40543,39481,38925,38923,38921,38687,38290,38273,38271,38269,38266,38264,37600,37598,37596,37020,37018,36882,36606,35624,35622,35179,33046,32820,32157,29364,27350,27346,27333,27335,27331,27329,27327,27325,27313,27307,27304,27300,27035,3704,26042,21089,24690,2284,23772,23679,23601,23397,22846,3671,3668,19833,19235,19233,19030,17313,17263,17261,16672,16407,15819,14377,14375,14352,14350,12971,12328,12315,11465,10886,10354,9935,9909,9065,7928,7891,7888,7291,2996,1926,1919"
Bánh bao,3,False,Thực phẩm trữ mát,https://cooponline.vn/groups/banh-bao/,"94435,93712,93634,92575,92124,77276,76721,71189,71187,71185,71183,71146,71142,70992,70919,70917,70914,70902,70370,64606,64604,64602,64594,55654,47254,44737,44663,44658,42373,41928,41906,41898,41808,41798,41757,41751,41735,41733,41655,41577,41506,23599,23597,21230,9842,9840,7289,6666,4115,3517"
"Cá viên, bò viên, chả cá",3,False,Thực phẩm trữ mát,https://cooponline.vn/groups/ca-vien-bo-vien-cha-ca/,"106730,106728,21221,95278,95276,95274,95272,95269,95266,95260,95255,93370,93295,88046,86945,84348,76748,76134,74191,66628,66185,60900,59854,58848,56471,50459,50454,50122,47609,41820,40543,40477,40473,40471,38140,36027,32159,29396,3665,27866,27859,27380,21223,21081,3742,3745,20491,20470,3382,18945,18277,16468,16388,15574,14365,14363,14361,14359,13735,11461,10900,9052,7868,7862,7339,5337,3000,2978,1386"
"Chả, giò, nem các loại",3,False,Thực phẩm trữ mát,https://cooponline.vn/groups/cha-gio-nem-cac-loai/,"105480,105384,105254,104555,104553,104548,104334,104331,104329,9983,103653,98927,94870,94426,94413,92101,91684,91681,91679,90183,88813,86472,13662,2393,83276,83269,83191,83140,83016,80038,76188,74460,74244,74234,74224,74219,74209,71228,71181,71156,71051,71046,71039,71037,71027,71002,71000,70998,70988,70982,70980,70926,70921,70923,70558,70556,70152,69974,69609,68987,68066,59860,56925,49819,49817,49813,49811,47595,46841,46730,46728,46726,46573,46571,46569,46567,46520,46517,46507,46165,46163,46148,45747,45745,45039,45037,43301,43298,42387,41154,39475,39473,38917,38735,36879,36101,31297,31294,29534,27386,27384,27377,23982,20109,18060,18058,17151,17149,17147,16774,16757,16755,16753,16751,16749,16649,14668,13490,13488,13154,7871,7022,1424,5335,3697,3505,3502,2953,1501"
"Dăm bông, xúc xích, thịt nguội",3,False,Thực phẩm trữ mát,https://cooponline.vn/groups/dam-bong-xuc-xich-thit-nguoi/,"106732,106197,106186,106184,100329,99141,98609,98607,98525,98518,98516,98512,95649,95646,94872,93648,93646,93644,93642,93640,93638,93636,92126,92123,90377,90373,90048,71025,88817,87598,87301,86899,86796,86167,85191,84557,83800,83274,80052,80048,77282,74240,71235,71233,71230,71223,71172,71167,71159,71131,71127,71124,71033,71006,70928,70540,70527,68480,68335,68033,58136,9050,56579,55635,51723,51645,50797,50783,46878,46876,46874,46830,42145,42141,41780,41711,41283,41281,41279,41156,40427,39047,38915,27646,27644,27392,27390,27388,23993,23987,23681,23677,23526,23044,20927,20827,20825,20489,20450,20434,20163,20161,20107,19351,17967,15578,15174,15175,15171,15169,15167,14166,14154,13658,13656,13509,13505,13503,13501,13499,13497,13495,13484,12963,12961,10758,10756,10754,7932,7875,7026,7024,5344,3514,3511,3508,3499,3493,3373,3292,2397"
"Đồ chua, kim chi, tàu hủ",3,False,Thực phẩm trữ mát,https://cooponline.vn/groups/do-chua-kim-chi-tau-hu/,"105252,103987,98828,21160,93892,93890,93880,90207,90145,21162,87613,85615,6426,6424,84564,84561,83765,75212,75148,74395,71556,71055,71031,71010,71004,70996,69321,69319,66214,66212,63819,63820,58730,56753,46925,46923,46856,46694,46692,46120,46118,46116,46081,46024,45966,45912,45897,44805,44803,44798,43457,42585,38188,32816,32814,29166,28592,27591,27587,3181,23593,16449,15684,13687,7185,6422,6419,6417,3310,3178"
Thực phẩm trữ mát khác,3,False,Thực phẩm trữ mát,https://cooponline.vn/groups/thuc-pham-tru-mat-khac/,"105258,105256,103984,99765,98500,95724,95722,94532,94530,94411,93320,93318,93316,93314,92128,91425,90213,90211,89644,88828,86793,86790,84559,84541,83798,83796,83783,83772,81585,80079,80077,80070,80068,80066,74445,74232,74189,73524,71628,71626,71179,70592,68736,67983,66232,66228,66224,66222,66220,66218,65843,65841,64612,64608,59086,58124,56723,56578,55633,49930,49751,49915,49911,49196,49194,48037,48035,46872,46861,46734,46130,46128,46120,46118,46116,45213,44705,43799,43785,40338,38583,38182,27669,35942,31289,25702,25698,3870,20089,20085,17819,17816,16390,13664,12967"
"Bánh bông lan, choco, bánh trứng",3,False,Bánh,https://cooponline.vn/groups/banh-bong-lan-choco-banh-trung/,"106361,104932,104930,104922,104249,103744,103713,102196,102193,102189,101851,101849,101832,101827,101818,101816,101771,67554,101667,101289,101287,101268,101266,101186,101183,101172,101170,101115,101072,101064,101062,101060,101052,101050,101035,101033,101027,101025,101004,99952,99932,99930,99925,98931,98929,98855,98476,96697,96690,95821,94860,94855,19058,19054,66644,94465,93675,93500,92801,92152,91651,91190,91188,91186,91184,91182,91178,91102,90719,90718,90366,90365,89747,89717,89715,89062,89060,88100,88073,87215,87213,87210,87204,86590,77399,77368,2824,85835,85626,85624,3337,8426,8420,84307,84291,84289,84252,83983,83975,83966,82052,82048,80595,78511,78392,78388,78385,78383,78381,78379,78377,78375,78282,78280,78268,78266,78264,77401,77387,76715,76036,70516,68321,68319,67730,67563,67500,67526,67512,67544,67533,67509,67531,67528,67479,67503,67491,67489,67487,67482,67475,67473,67471,67469,67467,67465,67459,67463,67443,67439,67434,67421,67414,67409,67401,67377,67354,67352,67350,67348,67344,67200,67197,67192,67180,67178,67034,67032,67027,67020,67018,66057,66055,66053,64336,64334,64332,64330,63975,63972,63970,63908,63906,63904,63901,62757,62755,60693,60074,59864,59862,59745,59742,59602,59591,59574,58865,58670,58641,58639,54637,52341,52339,52337,52334,52268,51281,50772,50770,50768,48499,48029,47273,47256,46532,46215,46122,45989,45108,44878,44721,44391,43527,41912,41885,41818,41786,41753,41594,41425,41423,41292,37352,36176,34988,34327,34172,33986,32252,32248,31065,27961,27739,27655,27648,27639,27630,27624,27618,27287,27285,25493,23797,23453,23451,3334,20563,19378,18820,3837,17516,16543,16541,14695,11457,11455,11408,11406,11393,8432,8416,8412,1380,1377"
"Bánh mì, sandwich",3,False,Bánh,https://cooponline.vn/groups/banh-mi-sandwich/,"106290,106295,106292,106287,99955,99949,99917,99906,99904,99900,99898,99896,99894,99892,99890,99888,99872,99870,99821,99815,99782,99769,99767,98026,98023,98020,98017,97538,97532,93297,87489,87487,87484,87475,87472,87469,87454,87459,87456,87462,81012,80881,80879,80873,80545,80543,80541,80538,80532,69345,62583,62579,59606,59600,57307,52000,51961,51959,51957,51930,50939,50937,50934,50866,50864,50862,50860,50858,46171,46167,45958,45956,44768,44766,44749,44646,42627,42625,42623,34189,34186,34179,34176,33992,33990,33988,33765,33755,33753,33749,33738,32600,32484,32482,32455,32111,30136,27985,27980,27978,27974,27972,27959,27954,27685,27675,27664,27663,27614,27612,27609,27607,19693,19229,12523,12519"
Bánh quy,3,False,Bánh,https://cooponline.vn/groups/banh-quy/,"106371,106365,104751,104748,104746,9794,8422,103751,103749,103747,103728,103709,103409,103407,103327,102239,102234,102227,102215,102185,102181,102177,102173,102169,102164,102141,101871,101865,101856,101814,101673,101672,101670,101668,101566,101359,101357,101354,101351,101349,101347,101337,101335,101333,101331,101271,101264,101262,101253,101227,101225,101222,101219,101206,101196,101194,101192,101190,101188,101174,101150,101147,101144,101142,101131,101125,101123,101117,101113,101103,101074,101068,101066,101058,101054,101037,101029,101023,101019,100999,100984,100981,100979,100957,100936,100919,100704,100701,100467,98941,98859,98857,98315,98312,98309,98306,98179,97574,97567,94826,94542,93738,93736,93734,93732,93730,93708,93700,93686,93677,93546,93544,93521,93519,93517,93512,93502,93498,93496,92653,92573,12866,87410,87408,8332,86632,85041,85038,84572,84570,84287,83989,83205,82633,82627,82625,82621,82617,82070,82054,82002,81972,81967,81907,81860,81385,80416,80390,80385,80376,80374,79231,79116,79003,79001,78989,78986,78975,78812,77405,77036,76723,73496,73494,71305,71296,70724,70709,67738,67736,67732,67584,18167,18165,64211,64209,64207,64205,64201,64192,64190,64184,63410,63408,63400,62577,62572,61351,61349,60711,60708,60078,60076,44645,58853,58677,57707,57705,56837,56835,56657,54631,54620,54126,50924,50736,47705,47614,50654,50643,47267,47265,50407,50405,50403,43753,20093,41804,41784,41731,39294,39292,39290,37890,37288,36824,36241,36182,36180,36043,36041,36039,35204,34885,34507,33564,31207,31203,25573,25570,17520,24602,24604,24606,24608,24610,23804,23414,23411,23408,22960,22957,22953,22275,20649,160,19794,18163,17518,17139,16656,15464,14992,14984,14972,14981,14979,13997,11459,11452,11444,11442,11440,11438,9856,9855,9790,9788,9786,6871"
Bánh tươi khác,3,False,Bánh,https://cooponline.vn/groups/banh-tuoi-khac/,"104937,104935,104925,104920,104917,104911,104908,104906,104887,104873,103322,99902,99823,99819,99813,99809,99780,99778,99776,99774,99771,95713,95711,95692,95688,95195,95192,95167,95166,95159,95073,95070,95068,95054,95036,95031,95024,95018,95001,94995,94994,94992,94990,94988,94986,94984,94902,94896,94889,94887,94877,94869,94858,94835,94833,94822,94820,94816,94814,94810,94800,94799,94797,94788,94786,94785,94776,94773,94770,94767,94765,94763,94760,94756,94675,94673,94332,94330,94324,94322,94320,94318,94315,94311,94309,94305,94060,94066,94058,94051,94046,94044,94040,94036,94034,94032,94030,94028,94027,94025,94023,94021,94014,94009,94007,94005,94003,93999,93984,93982,93974,93966,93951,93943,93924,93311,93309,93307,93305,93304,93299,93276,93274,93272,93269,84847,84844,84842,83529,81424,81419,81417,81414,81412,81407,81405,81399,81397,80883,80877,80720,80526,77034,75673,75667,75138,70105,64918,64926,64927,64213,59578,59569,58973,58967,57312,57309,57298,57296,57281,57279,50378,51013,51011,51009,51007,47263,44762,44759,44757,44755,44753,44751,44745,44743,44741,44739,44733,44728,44726,44724,42631,42614,42609,42393,39288,39286,37610,37608,37606,37604,37602,35861,35859,35856,35580,35564,34184,34182,33984,33769,32490,32486,32278,31412,31067,27987,27983,27967,27965,27963,27957,27862,27860,27856,27853,27776,27680,27659,20234"
"Bánh xốp, bánh gạo, bánh quế, cracker",3,False,Bánh,https://cooponline.vn/groups/banh-xop-banh-gao-banh-que-cracker/,"106813,106402,106400,106398,106390,106368,106364,106319,106017,9808,9806,9804,103711,103452,103342,103340,102231,102219,101867,101863,101860,101836,101825,101820,101344,101341,101329,101281,101235,101232,101166,101164,101152,101136,101010,101008,100924,99943,99934,99923,99792,99306,99304,99294,98996,98986,98973,98939,98933,98423,98187,94864,94862,94551,94500,94492,94449,93702,93690,93684,93564,93562,93560,93558,93556,93530,93526,93514,93510,18560,92686,92684,92629,92626,92579,92577,92506,92149,91409,91269,91180,90773,90306,90302,90300,90298,90261,90209,89745,39276,88847,88840,88125,88133,88116,88119,88118,88093,88092,88091,88086,10090,10088,87994,87992,87835,87221,87219,87189,23026,86024,85849,1724,11395,7241,6713,65099,65097,65089,12845,12844,84356,84354,84309,83985,16551,82697,81905,80425,80106,80104,79815,78241,78239,78237,78109,78107,78096,78094,78092,78090,77407,77372,76742,76719,76419,76417,76413,76411,74765,74760,74736,74197,74127,74125,74119,72066,71294,71290,71260,71245,70891,70886,70882,70646,70644,69944,67734,67596,67582,67580,67578,67576,67569,66653,66636,65105,65103,65101,64343,64341,64198,64186,62912,62718,61922,61921,60716,59922,58844,58800,58704,58469,56714,56686,54639,54635,54626,54622,54617,52319,52315,52308,52285,52283,50922,50914,50763,50761,50757,48956,48954,48300,48016,47261,47258,46900,46149,44735,44161,42310,41914,41859,41853,41835,41816,41741,41707,41705,39842,38907,38677,38675,8348,37105,34362,31567,31211,25706,24089,24087,24076,21190,20232,20103,20099,20097,19052,18810,18808,18217,17829,17528,16555,16553,1727,14975,14037,13985,12834,12832,11399,11397,9984,9980,9800,9798,6880,6637,3585,1720"
Hạt sấy,3,False,"Hạt, trái cây sấy",https://cooponline.vn/groups/hat-say/,"106408,106383,106381,106376,106255,106253,106011,106005,105991,105378,105377,104639,104634,104624,104241,103826,103824,103807,103766,103765,102446,102438,102419,102417,102415,102413,102411,102409,102406,102396,102394,102390,102386,102384,22143,88767,34985,34973,34969,34967,99536,48373,48369,101555,101127,99534,99314,99312,99309,99167,99149,98979,98822,98508,98504,96619,95803,95792,95790,95786,95784,94430,94422,94123,94111,7244,88044,88042,83203,83201,83199,83197,81976,81834,81832,81791,81786,81783,81781,81779,81197,80609,80607,80319,80317,80314,80312,80097,80095,80093,79233,79079,79077,79075,79073,78798,78794,78792,48274,78032,78075,75925,75922,75920,74582,74487,74485,74334,74330,74328,74322,71622,69342,68745,68047,67708,67707,67706,65950,65947,65944,65941,65925,65935,65932,65817,65735,65729,65711,65717,65712,65583,65264,65257,65254,65244,64584,64582,64576,64574,64570,64568,64566,64564,64562,64560,64554,64552,64546,64544,64540,64538,64536,64532,64530,64528,64526,64524,64521,64519,64517,64515,64513,64506,64504,64502,64500,64498,64426,64415,63067,61956,61954,61952,61950,60573,59485,59481,58882,57303,50147,50141,49595,49546,49535,49526,49517,49443,49191,49189,49187,49185,48737,48734,48730,48424,48314,48296,48272,48216,47558,46594,45047,45045,45043,45035,45033,43906,43904,43455,41879,41845,41769,41476,39516,38943,38097,3791,35489,35487,17056,17054,35160,35158,35156,35154,35152,34527,34525,34523,34517,34511,34509,32809,32807,32531,31580,31577,31041,31034,31032,24452,23774,22154,22156,21087,21085,20186,19046,19018,10832,16350,8038,7585,7583,12107,17895,17163,17159,17157,17155,17153,3770,16567,16565,15143,13995,12816,12377,10327,10239,10237,10162,8198,8196,3773"
Trái cây sấy,3,False,"Hạt, trái cây sấy",https://cooponline.vn/groups/trai-cay-say/,"105411,105410,105375,105373,104978,103822,103820,103818,103798,103796,103717,103714,103117,103115,103113,103111,103106,102424,102422,100718,100716,100355,99300,99163,99157,98614,98533,98531,95782,95778,95727,91091,88786,88784,88774,86023,65581,83018,81848,81844,81824,81775,80421,80378,80320,80321,80309,80306,80304,80302,80300,80298,80296,79107,78569,77989,74324,71624,67976,65783,65615,64580,64558,64556,64550,64548,64542,64534,64496,64486,64478,64476,64474,64472,59509,59507,49591,49588,49581,49572,49568,49566,49560,49558,49530,48944,48942,48940,48938,48936,48934,48420,48302,48292,48269,47561,47430,47428,47426,41900,4541,34519,34513,33107,30785,23007,23009,21076,20570,18977,6097,17284,17282,5998,14369,13611,13606,13604,13601,13599,13597,13595,12821,12380,10867,10865,10284,9941,9012,6095,4731"
Kẹo cứng,3,False,Kẹo,https://cooponline.vn/groups/keo-cung/,"107128,107121,106353,103723,102392,101320,101318,101316,101312,101310,101283,101244,101241,101239,101217,101212,101208,101176,101140,101138,101121,101097,101078,101076,101056,101042,101040,101017,101012,101002,100997,100994,100989,100987,100977,100953,100951,100947,100943,98467,98328,98325,98322,94576,94168,94156,94151,93415,92113,89747,88836,8018,8031,84399,84305,84303,82824,82822,82791,82075,81777,78445,78322,78320,77021,77019,77015,76991,76987,76979,76977,77001,77003,76157,76155,72875,72873,69958,69668,68763,68457,68451,68382,67915,64180,63983,63979,58809,57061,56794,56688,50959,50917,48157,48155,48124,48087,48069,48025,47553,46690,46686,46684,46681,43968,43966,16662,38891,37892,37768,37619,37033,37031,37027,37023,36184,35918,35916,35914,35051,35034,32523,32515,31596,31590,31582,29503,16315,58734,20458,20661,18818,18806,18804,18802,18556,18554,17222,16922,16920,16918,16916,16534,14986,12885,12883,12119,10256,10254,10252,10250,10128,10116,10114,10112,10110,10108,10106,10104,10102,10096,10094,9010,8436,7004"
Kẹo đặc sản,3,False,Kẹo,https://cooponline.vn/groups/keo-dac-san/,"88743,48101,42308,39268,38893,37990,37617,37612,32803"
"Kẹo mềm, dẻo",3,False,Kẹo,https://cooponline.vn/groups/keo-mem-deo/,"106385,106377,105052,105048,105030,105028,103793,101339,101326,101324,101322,101314,101214,101210,101204,101202,101200,101198,101162,101160,101158,101134,101101,101080,101070,101044,101031,101015,101006,100992,100706,100487,100465,100462,100460,100458,100456,99175,99171,97223,97221,96771,96458,94446,94166,94164,94161,94159,94128,93575,93573,93571,93569,92740,92734,92520,92518,88877,88876,88875,88874,88873,84391,84273,84258,84256,84254,84236,82904,82892,82848,82846,82844,82842,82840,82079,82077,82010,80236,80234,80232,80230,80228,80226,80224,80219,80217,79118,77215,77211,77209,77207,77205,77203,77201,77027,77025,76997,76995,35814,76799,76791,76787,76034,74612,74497,74495,74113,74109,70091,70012,70007,70002,69989,69569,68402,68394,68392,67898,67896,64182,63891,63887,62908,62736,62734,59098,59096,58635,56718,56712,54595,50912,48257,45051,40100,40095,39814,39812,39810,39808,39270,37894,37286,37284,37268,37142,35808,35806,35804,35790,35787,35782,34981,34909,33689,32500,32254,31733,31594,31592,29444,29442,22996,22998,1367,23405,23028,21252,21074,21072,19557,19555,16914,12121,11412,11410,9004,739"
Singum,3,False,Kẹo,https://cooponline.vn/groups/singum/,"98472,94140,92115,91628,91626,91624,91622,91617,91615,91613,91612,91610,91608,91606,91604,89763,89761,89197,84364,84361,82820,82813,82808,82802,82800,82797,82795,82793,76013,76011,69676,59852,58718,48267,48265,48260,48057,48055,48051,48049,48047,48045,16559,16557,7189"
Socola,3,False,Kẹo,https://cooponline.vn/groups/socola/,"106459,106449,106441,106445,106430,106351,104819,104778,103764,102136,102132,101671,101564,101562,101370,101367,101365,101363,101361,101308,101306,101304,101302,101299,101277,101274,101217,101106,101094,101092,101090,101087,101085,101083,101046,100942,100624,100622,100620,99364,99339,99165,99151,99147,99145,94471,94469,94466,94462,94460,94458,93581,93578,91662,88839,78002,86195,84438,83207,83186,82341,81913,81911,81448,80372,80370,79008,78466,78044,77998,77353,77213,77063,77059,77056,70129,69522,69327,67900,63885,61704,61132,59977,56841,56839,56760,56700,54610,54604,54601,54599,54052,54050,54046,54044,54041,53051,53047,53045,53038,53036,53025,52559,52555,52550,52548,52546,52542,52540,52538,52536,52534,52532,52530,52518,52516,52361,52328,50903,50192,48132,48119,48095,48092,48071,47576,47573,47571,47568,47565,47563,47489,47465,50232,49790,46540,46537,46535,46530,46527,41792,41725,41445,41407,16561,40170,39479,39477,38685,38673,38671,38669,35767,35765,35713,35711,35709,35703,35701,35696,35673,35671,35666,35651,35164,35162,34905,34901,34312,32786,32784,32598,32596,29509,29495,29493,17481,3340,17485,17483,17479,17477,17475,17471,17469,16563,14785,14784,13695,13693,13691,13689"
Mứt,3,False,"Mứt, thạch, rong biển",https://cooponline.vn/groups/mut/,"104239,102982,102980,102974,35409,102443,102432,22141,35411,48284,35401,35398,48381,34947,34938,34936,22166,82161,82146,48375,48366,48364,48362,101099,34945,94196,93583,87223,82998,34957,34955,34952,79723,78187,78185,74806,74804,74802,68802,54613,50908,50906,50878,50870,48352,48348,48346,48344,48342,48336,46654,46652,46649,35404,34965,34963,30856,24619,17532,17530,17462,17426,17424,13650,13648,13645,13642,12134,7094"
"Rau câu, thạch",3,False,"Mứt, thạch, rong biển",https://cooponline.vn/groups/rau-cau-thach/,"98469,94184,94181,94177,94175,94172,93606,93604,93602,93600,93598,93596,93593,93591,93589,93587,93585,92111,92109,92107,92105,92103,91526,91427,91367,80423,80241,80238,79235,78789,75956,75950,75949,75722,75397,75395,75227,75225,73370,73368,69666,69664,69661,69647,68352,67968,63883,58637,58633,47592,47207,46802,46749,46745,46187,45021,44823,42160,41887,41883,34891,32302,31351,29507,29501,29497,27731,27682,7531,7544,17335,17001,3635,13517,13515,10988,6144"
"Rong, tảo biển",3,False,"Mứt, thạch, rong biển",https://cooponline.vn/groups/rong-tao-bien/,"106342,106338,106334,104485,104482,103628,94564,93905,93903,91344,90201,87425,87418,87416,86913,85621,84924,44815,81202,81199,76746,76629,76627,76427,76425,76366,76364,76362,76360,76358,76341,76339,76294,76290,75927,69934,69306,68492,68347,66651,66649,66646,66216,18487,62924,62922,62728,60640,59478,53054,51647,50430,50426,50422,49917,47822,47818,41837,41431,15678,39908,39069,37218,25247,35950,25249,35728,30754,13522,23220,22986,22816,21828,21826,17732,16289,16287,13526,13524,13519,12305,10726,10724,9136,8213,4349,4346,2089"
Khoai tây chiên,3,False,Snack,https://cooponline.vn/groups/khoai-tay-chien/,"106374,99973,99971,99969,98875,97572,97570,97229,93818,93755,93344,93341,93339,93337,93048,93046,92994,89056,89054,10334,86569,86562,86559,83195,83193,83189,79613,79609,79601,77392,77390,75038,75036,75034,75032,71343,71341,69950,66664,19043,19039,64359,64351,17825,16711,16709,59475,10339,10328,10324,10321,56825,50650,49648,44872,41773,18546,39061,38378,37809,37807,37805,37803,37801,37671,36243,35930,35928,35926,19706,19704,19702,19700,19698,19041,18548,18540,18329,18327,18319,18317,18315,18313,18234,14991,8182,8180"
Snack thập cẩm,3,False,Snack,https://cooponline.vn/groups/snack-thap-cam/,"104650,104648,103507,103320,103319,101547,101542,101540,101537,101535,101495,100573,100572,100571,100570,99975,98741,98738,98736,98734,98008,97860,95644,95642,93828,93824,93753,93355,93350,93348,93346,93027,93025,93023,93019,92215,92211,92209,92174,92172,90215,89743,89194,89036,88776,88355,88353,88350,41824,83347,83343,83341,82107,82064,82062,82060,81902,81899,81896,81893,80395,80380,79607,79531,78559,77397,77393,76372,76370,76368,76324,75691,75030,75028,75026,75024,74800,74203,74199,66677,65516,65269,65261,64408,64406,64400,64391,64357,64355,64353,16528,16509,59833,59828,59503,58859,58857,58802,57157,57155,56823,56154,56152,56150,52378,50791,50789,50701,48932,48895,48891,48889,48207,48168,48100,47271,46770,46767,45010,45008,45006,45002,44636,43814,43812,43810,43750,43515,42385,41831,41802,41693,41691,41689,39065,39063,38382,38380,36368,25205,24592,10424,10414,23580,18544,15608,15606,12841,12840"
"Bánh flan, bơ ăn, váng sữa",3,False,Sản phẩm từ sữa khác,https://cooponline.vn/groups/banh-flan-bo-an-vang-sua/,"103403,103400,100106,98935,96959,96956,93775,93770,93768,92659,63376,91807,91593,91591,91589,91587,91285,91283,91145,6582,78857,76729,76701,76121,71017,71012,61708,57196,56368,54662,54036,52977,52975,47044,47042,46820,46818,46476,41839,41697,40429,36318,34174,27382,25576,2112,20445,2646,16772,16273,16274,13701,13699,11061,11059,8306,8296,7102,6584,5820,892"
Phô mai,3,False,Sản phẩm từ sữa khác,https://cooponline.vn/groups/pho-mai/,"104247,103394,100111,100109,100105,100103,99159,99143,98826,98820,98529,98510,98506,98461,98066,95743,94559,93779,93777,93773,93384,93382,93380,91445,91414,90304,89646,88015,86194,80597,76703,76018,76017,76015,70700,69978,69325,69322,68958,68351,68348,68338,67894,66630,61448,61408,61409,61406,61404,61322,61316,59511,54851,54849,54847,54845,54665,54527,54514,53164,53075,52014,47824,45849,41437,41435,41433,41327,41325,21262,31680,25832,25423,25421,20934,8367,17793,16891,16267,4152,10852,8375,8373,8371,8308,8294,8251,5828"
"Sữa cacao, lúa mạch",3,False,Sữa các loại,https://cooponline.vn/groups/sua-cacao-lua-mach/,"98029,94960,94952,88702,84406,82100,82098,75549,75015,5873,72533,19104,59764,54385,54383,54370,6727,5877,31457,42226,16962,16845,3196,39878,8496,37297,34976,31463,31461,31459,31347,31345,20578,19136,18044,15651,5221,12138,11009,8490"
Sữa hạt,3,False,Sữa các loại,https://cooponline.vn/groups/sua-hat/,"106964,106962,105788,105781,103903,101890,101886,101666,101665,98916,98046,98043,94238,65360,92785,90366,12801,89651,88965,88963,88782,88749,88545,88543,22902,37910,12799,37908,87295,86684,86682,85938,85936,85912,85911,85908,85907,85905,85903,12806,83870,83867,82623,81180,81174,81172,76940,76319,76313,76311,76307,74713,73473,72597,72058,71339,71323,71312,70861,68370,68360,68354,65704,65691,65689,64338,61336,61334,61272,61270,61268,61266,61264,61261,14130,38262,55296,54469,36873,19361,11763,52973,22749,22745,22742,44986,36152,14132,37918,50784,50746,50743,50739,46796,44984,44901,40184,39872,38216,37552,37549,37546,36247,36154,31695,24302,24304,24310,24307,24316,24312,22949,19166,24314,22936,22769,22739,22733,19358,19355,11728,19120,4636,15199,11725,11723,8194,8192,7550,5455,5323"
Sữa trái cây,3,False,Sữa các loại,https://cooponline.vn/groups/sua-trai-cay/,"102120,102116,102114,102111,102109,102106,100225,100223,100080,100077,100060,96508,95972,95962,89667,89665,89663,89661,89659,88700,88698,88159,88158,88155,88156,88150,88151,87831,87825,87828,87827,87789,87786,87317,87315,86698,86696,85805,85803,85801,85799,85797,85793,85790,85786,85064,85062,85060,85058,81178,80276,80274,80245,80243,68331,68329,62841,62832,58837,58805,58795,50970,43851,38873,36950,36828,36826,31678,31676,27295,27293,24800,24824,23523,23521,21468,21466,21462"
Sữa tươi bịch,3,False,Sữa các loại,https://cooponline.vn/groups/sua-tuoi-bich/,"100452,100445,100443,100441,100187,100185,100181,100182,100178,93812,93810,93060,93063,91164,87368,87366,87359,87357,87355,87353,87351,87349,87347,87342,17544,17542,17540,62829,62821,62817,62813,62810,62805,58561,11719,11717,11715,11713,56678,56651,56643,8233,36128,36126,45817,39251,36202,36200,36198,31742,29766,29764,29762,20151,20149,20147,7197,7194,7191"
Sữa tươi hộp,3,False,Sữa các loại,https://cooponline.vn/groups/sua-tuoi-hop/,"107028,107021,107006,106759,106748,105774,105759,105632,105581,103902,103901,103899,103898,103612,103609,103606,103601,103392,103387,56897,27279,101658,101653,101647,101629,100580,100439,100438,100435,100434,100432,100424,100420,100401,100304,100057,100055,100045,100043,98459,98170,98137,98096,97647,97644,97219,96783,96776,96542,96437,96436,96434,96432,96430,95679,95677,95659,95627,94975,94973,94528,94526,93719,93717,93679,93374,93372,93094,92867,92865,92863,92860,92512,92510,92141,92139,91653,91637,91635,91633,91275,91215,91166,90365,89739,89737,89551,89549,89541,89539,89537,89058,88999,88972,88971,88969,88967,12808,87340,86673,86530,86528,86516,86514,86133,86131,85631,12772,5253,84945,84943,84941,84939,84937,84935,84769,84767,82983,82981,81185,81182,80353,80351,77332,77331,76409,76407,76405,76401,76396,76384,46330,74468,73507,72366,72357,72352,72348,72072,65755,65751,17538,17536,17534,62916,62914,62867,62865,62863,62861,62732,1128,1124,1121,1118,62136,62133,58979,58871,58869,58867,58631,58625,58473,58453,39315,58142,39259,39257,39255,12787,12786,57875,57873,11706,11679,56676,8223,37888,55639,7202,54655,54647,37171,37169,633,630,34574,36755,36749,36747,6631,6629,36352,36124,36122,36120,52638,52636,52321,52266,52012,35744,48958,47131,47050,47046,46792,46790,46335,45807,45625,44829,43621,17683,39436,39335,39321,39313,37886,37325,37276,37254,37248,37246,37242,37237,37189,37187,37115,36970,36968,36966,36964,36877,36875,36815,36813,36811,36809,36807,36805,36739,36356,36354,35853,35455,35453,35011,34576,31697,5485,5482,7981,23284,23031,21629,21176,20636,18536,18534,18532,1295,626,18124,17502,17496,17491,17489,17404,17402,17400,17398,15138,14796,14794,14790,14791,12778,12776,12774,12770,11757,11563,11558,11383,8380,8377,8221,7259,7204,6697,6695,6693,6691,6689,1646,1643"
Sữa chua ăn,3,False,Sữa chua,https://cooponline.vn/groups/sua-chua-an/,"106973,106968,106583,103948,103943,100277,100275,97437,97435,97235,97231,95741,95739,94818,92655,92557,91811,91809,11043,11041,6836,6832,36776,16778,36348,77864,77861,76709,76707,76705,73503,73500,62859,62857,62855,62853,62851,62848,62845,59148,58793,58789,58140,56625,56624,56623,56622,56577,56576,47248,46794,46759,45922,43461,40448,40168,37280,37278,36818,36788,36786,36784,24062,36344,36324,36322,36196,36194,36192,36190,36188,36186,35877,34163,34156,34144,32208,27751,27372,27364,20157,19134,16782,16780,16776,16741,16739,16737,15805,15787,11063,11056,8356,8354,8352,7170"
Sữa chua uống,3,False,Sữa chua,https://cooponline.vn/groups/sua-chua-uong/,"102129,102126,102124,102122,100192,100190,100050,98182,98176,98173,98064,98061,98058,98055,98014,98011,97565,97389,97398,96902,96899,96429,96428,96427,96426,96423,96408,94948,94878,93807,93805,93714,93378,92773,92770,92768,92765,92760,92753,92661,92643,92616,92614,92232,92230,92158,92156,92154,89751,89749,89747,89745,20697,89032,89031,88148,88147,88144,88143,87714,87712,87704,87701,37998,85934,85932,85930,85928,85926,85923,85879,85877,36360,36320,82878,82873,82875,82871,82869,82867,82096,82094,82092,82090,82087,82085,81176,77337,77335,70670,70682,70666,70678,69558,69530,69009,68995,68758,68731,68485,68435,68290,67923,67917,67911,67909,67904,66756,66753,66747,66742,65747,65743,62843,59102,59100,59050,58629,58626,56827,8229,54813,54811,51977,51275,51273,46798,46763,44876,44855,44853,43729,3471,20665,3467,19108,17860,40453,40451,39263,38204,38202,38200,38198,38196,38194,38066,38064,38062,38000,37884,37881,37879,37876,37874,37872,37518,37320,37175,37173,36803,36801,36799,36358,36340,36338,36336,36334,36332,36330,35430,35428,32256,31193,31191,31185,31182,31180,31149,31147,27277,20667,20462,20454,20155,20153,19648,5111,18589,16743,5648,15811,15809,15807,15799,15568,11779,11777,11775,11773,11771,8361,1640"
Sữa bột người lớn,3,False,"Sữa đặc, sữa bột",https://cooponline.vn/groups/sua-bot-nguoi-lon/,"103381,103373,103369,101659,95745,94481,94479,91273,89263,89257,87255,17924,5251,3160,84408,84144,84142,84140,82862,82860,82856,82853,82851,78727,52414,77327,77323,74473,74470,73505,73498,72069,69970,67890,61722,59850,40192,39159,38949,38947,37520,37167,31699,31682,31199,31178,25805,25802,24346,12761,3927"
Sữa bột pha sẵn,3,False,"Sữa đặc, sữa bột",https://cooponline.vn/groups/sua-bot-pha-san/,"36406,84171,84150,78742,78739,78737,78731,78724,78721,78718,78692,19227,58147,54853,38953,37532,37341,37244,37224,36751,36727,36207,36204,32242,31189,31187,27282,4118,19780,19225,14919,12798,11781,11721,11701,11697,8331,8231"
Sữa đặc,3,False,"Sữa đặc, sữa bột",https://cooponline.vn/groups/sua-dac/,"105692,97615,94477,5499,92618,96693,91599,89741,21052,36797,6847,80359,80288,68367,68364,62800,62796,58149,52641,46765,38803,37378,37376,6709,8006,36795,36326,36209,35885,35883,31169,904,23282,300,21647,19976,18567,17898,5406,16524,6845,6843,5480,2867,306"
Bia,3,False,Thức uống có cồn,https://cooponline.vn/groups/bia/,"104786,103759,103758,103541,103540,103534,103531,103530,103529,103528,103527,103333,103332,101878,101674,100540,100535,100507,100489,98873,98869,96923,96922,96919,96051,96048,96038,22316,93766,93761,93759,93632,93033,87810,87808,22312,84432,81995,80588,80586,80584,80405,79900,79845,79842,79841,78887,76725,75467,75452,75435,74634,74631,69960,63362,63360,63358,60677,58685,58683,58681,58679,56945,56943,56502,37372,37370,53718,51304,50894,50883,50880,31467,6085,27291,6081,6083,47850,47314,47312,46470,46356,46354,46352,46350,46348,46346,53731,46342,45895,45075,45071,4921,32258,19973,19969,19967,41607,17090,17088,17084,17082,40413,40407,576,38933,38931,38879,38877,38875,38276,38056,38054,38052,17783,37914,37912,37362,37331,37329,37314,37310,36401,36399,36397,36222,36174,62744,35844,32218,31480,31478,31476,31470,30976,25684,22534,22531,22536,22538,19691,17441,573,15356,15243,14744,14736,8533,6093,6087,6089,4933"
Rượu và thức uống khác,3,False,Thức uống có cồn,https://cooponline.vn/groups/ruou-va-thuc-uong-khac/,"103757,103756,101900,101895,98134,96124,96117,96111,96091,96082,96080,96063,94362,94359,94357,94344,94287,94281,90654,90653,90652,90642,90367,89001,88369,87556,87553,85329,85327,85324,85321,85317,85315,85313,85311,85309,85304,84949,84947,84890,84123,84121,84117,83960,83217,83215,83142,81997,81936,81934,81932,81124,80549,80524,80521,80520,80401,80399,76935,76922,76920,76918,76916,76914,76896,76883,76881,76871,76868,76854,76850,76828,76824,76822,76820,76816,76813,76811,76807,76801,75944,75574,75556,75532,75530,75527,75525,75521,75515,75509,75510,75507,75504,75500,75498,75495,75493,75490,75488,75485,75483,75480,75478,75476,75473,75393,75391,75389,75387,75385,75383,75380,75378,75376,75374,75372,75356,75326,75324,75321,75319,74443,68944,68942,68791,68789,68787,68358,68356,65365,57048,57042,57040,56536,56530,56522,56518,56512,56406,55312,55310,51097,51095,50216,50203,48399,48031,47727,47713,47420,47418,50337,47102,47100,45918,45106,45104,45102,45100,45098,43521,42368,41775,35183,22328,35797,35795,35194,35192,35189,22330,758,23071,22324,22322,6091,19525,19523,19521,19517,19515,19512"
"Mật ong, tinh nghệ",3,False,Thức uống dinh dưỡng,https://cooponline.vn/groups/mat-ong-tinh-nghe/,"98498,97858,97855,97853,97850,94875,92870,91676,42397,87605,23210,80291,74830,74592,74568,74545,74543,74539,70141,69678,68316,63366,62726,61911,61431,60704,58458,58176,55316,55288,54492,53058,52735,52733,52731,51002,51000,50714,50712,49355,47541,47536,39398,39396,39394,39389,39382,39379,38899,38897,38895,38887,37208,37113,36694,23022,23003,3202,18912,3199,16900,16897,16895,16893,4168,4165,4162,15250,14003,14001,13999,13685,13683,13681,13679,13676,13674,13654,13652,4946,4940,10871,5634,5632,5630,4943,3205"
Nước yến,3,False,Thức uống dinh dưỡng,https://cooponline.vn/groups/nuoc-yen/,"106754,106752,106750,50218,3343,98861,98074,94243,93011,92858,91095,88737,86692,83213,77856,74605,74598,74579,74575,74571,70744,69591,69363,68966,68471,64102,61981,61976,57168,57166,56831,56829,56408,55302,55284,51678,51677,47205,45094,43488,37119,36699,36061,36057,36013,3527,3346,1326,22550,22558,19198,3530,3190,16356,14139,8518,7580,7571,6232,6230,6115,3542,3533,3354"
Thực phẩm bổ dưỡng,3,False,Thức uống dinh dưỡng,https://cooponline.vn/groups/thuc-pham-bo-duong/,"107094,107087,101677,100530,100485,100481,100283,98502,98455,98453,95747,94483,93621,88975,88958,88956,86197,85851,74602,81410,76785,76783,68014,63364,60995,58475,58138,56404,55318,54855,54537,53040,50727,50641,50167,47199,44788,42170,42166,38901,36065,36047,17052,17046,17038,13453,13451,10312"
Bột giải khát,3,False,Thức uống không cồn,https://cooponline.vn/groups/bot-giai-khat/,"95811,95806,94515,94512,94505,94503,94496,94248,94245,93618,86129,77360,73406,62138,62016,62014,62012,62010,62008,62006,62002,62000,61998,61983,38691,42192,38006,38004,34521,31353,19929,4133"
"Cà phê, bột cacao",3,False,Thức uống không cồn,https://cooponline.vn/groups/ca-phe-bot-cacao/,"106476,103330,98765,97813,97610,96695,93796,93791,93608,90368,87858,87856,87797,8054,87313,87311,87309,87307,86929,41893,82985,82975,82972,82970,82967,79089,79087,74379,74318,74295,74292,74286,74289,72855,72853,71274,69543,69377,69352,69021,68962,68427,68006,64727,63404,62720,61724,61710,59501,56452,56447,56445,56441,56343,8048,55360,55358,55351,55336,55332,55278,4557,51969,48304,48023,3424,3603,43525,3620,42181,3407,3413,41908,41867,41833,41727,41723,3594,41427,17930,40573,40571,40569,40566,12987,11025,38370,38368,38366,9976,4058,37634,37632,37626,37117,3617,37085,37083,37081,37077,37073,37071,37069,37067,37063,37053,37048,3614,34580,32168,31465,25836,25829,24600,21398,20576,20105,19503,1389,3270,4551,16988,16985,16964,16840,16834,845,15630,15226,10997,4046,4043,8553,8543,8060,8058,7989,5862,5739,5733,5731,5737,5102,5099,4571,4554,4548,4412,4409,4406,4399,4396,4130,4028,3600,3597,3404,1749,1746"
Nước ngọt,3,False,Thức uống không cồn,https://cooponline.vn/groups/nuoc-ngot/,"106226,106219,106207,103336,30627,30655,30653,30651,31307,4451,36158,48587,48580,48572,17546,30659,30657,36840,36842,49475,49469,49463,49454,49449,5078,31668,4227,5693,100523,100517,100100,98070,97620,97617,96016,95999,93616,4013,48555,30683,49684,89198,5075,89015,89013,89010,88725,88723,87290,87287,45924,87228,38598,5595,86120,86118,36838,36836,36834,48561,6361,83151,83149,83147,80407,79533,79529,79508,79339,78855,78853,77875,77874,77440,77260,77257,77255,75440,75438,75229,74610,74417,74382,70636,70634,65697,65687,65479,65475,65472,65351,63402,60698,59866,58668,56626,56402,55294,53023,52983,52969,51698,51696,51688,51686,50721,50225,50157,50155,49634,49632,48976,48974,48569,48310,46816,46808,33762,45916,45852,21016,45077,31666,31664,31619,42244,42242,42240,42238,42235,42233,42219,42216,42214,42209,42189,42186,30681,30625,30623,30621,30619,30617,30615,5615,41421,40462,40459,40457,38665,39822,39319,39304,38955,38663,38661,38659,38656,38654,38652,38644,38642,8462,37900,37777,37295,37293,37291,37266,36832,36168,36166,36164,36162,36160,4670,35387,35016,34152,34150,34129,34125,34120,34118,34116,33954,33949,33946,33944,33942,33797,33770,33760,31714,31711,31709,31600,31335,31325,31303,5613,4230,23918,4457,21014,21004,20159,19882,17548,4016,17395,17393,13993,11926,11450,11075,11072,11065,6916,6914,5695,5681,5679,5677,5597,4223"
Nước suối,3,False,Thức uống không cồn,https://cooponline.vn/groups/nuoc-suoi/,"107147,107145,107143,106406,104440,6225,6045,99753,95009,95007,95005,93612,93610,89775,89759,89009,88835,88727,88721,88716,87799,87299,87297,82105,82103,6223,30673,81147,80254,79010,77859,74818,74816,74584,74529,74348,73488,69548,62932,60115,60113,58720,58709,56504,6227,53014,6047,1932,46455,46451,45096,44993,44991,30671,166,40467,40465,39405,39400,38587,38585,1935,36701,163,6221,34098,34096,34094,34092,34087,1938,31636,2694,26867,39,26762,24696,24694,22864,6049,23519,22771,20460,20081,20079,19501,19496,18598,1929,17369,15655,12759,12757,8547,5689,47149,20125,4022"
"Nước tăng lực, bù khoáng",3,False,Thức uống không cồn,https://cooponline.vn/groups/nuoc-tang-luc-bu-khoang/,"25549,49693,35740,35738,98451,97650,31319,30669,94223,49690,93614,93004,93002,671,49680,91534,91530,91528,91196,48564,17435,89198,89009,37898,88741,11793,11831,86127,30667,49654,31723,86524,674,62740,62738,15628,35736,81927,81915,74586,74107,74105,74102,74099,63990,62742,60249,60247,60245,59499,59497,59489,59487,59015,58835,56366,50723,50647,50223,50221,42175,40455,39923,36948,36051,31333,31331,31323,23096,17412,16975,5683,4220,4019"
Nước trái cây,3,False,Thức uống không cồn,https://cooponline.vn/groups/nuoc-trai-cay/,"106393,106391,106387,106358,106355,105675,105674,105670,105666,105657,103762,103760,49907,31305,49926,30677,51659,101676,101675,99395,99391,99388,45914,98923,21214,98035,98032,72064,31615,31612,95998,95993,95983,95976,23311,480,30679,476,472,94236,94228,93710,93630,93627,93624,92657,92553,92180,92178,92176,92098,91801,91799,91797,91795,91792,91788,91786,91784,91128,49983,49981,49978,49975,90256,90243,90240,90233,90231,89016,88955,88952,87823,87821,87530,87528,87321,87292,4871,87230,14914,14908,14909,488,36896,5685,36900,84926,36239,84516,83211,83209,83161,83159,83157,83153,81789,80397,80278,80197,80195,80193,80191,79813,79663,79631,79627,79141,79138,79134,79131,79126,77872,76972,75939,75937,75533,75444,75162,75159,75142,75140,75136,74822,74820,74812,74798,74796,74794,74788,74786,74517,73486,71272,70529,70097,69995,69311,68767,68724,68314,68312,68310,68273,67600,67598,64410,64367,64363,63987,62930,62928,62595,62589,60706,56574,56572,56498,56420,55652,55304,55286,54726,53715,53708,53713,53710,51719,50966,50737,50731,50159,47110,47108,46825,46153,46151,44783,44165,42203,40580,40578,39487,38280,38278,37916,37640,37636,37358,37356,37354,37308,37097,37095,37093,37091,37089,37008,36898,36871,36844,36403,35742,35501,35499,31707,31610,31608,31605,31474,31472,25453,22731,22491,21270,21256,21132,21040,20220,20218,20216,20214,19638,19636,19634,19632,19353,19204,18799,18793,18791,18222,18134,18130,18128,16486,1611,14906,14903,14897,14896,14142,12287,12285,12283,12136,11797,11795,11080,10821,8508,5687,4868"
Siro,3,False,Thức uống không cồn,https://cooponline.vn/groups/siro/,"80199,78486,74537,74535,74531,54710,11822,11820,11818,11816,11812,11810,11808,11801"
Trà,3,False,Thức uống không cồn,https://cooponline.vn/groups/tra/,"105381,105380,105379,104777,104760,103755,103754,103456,54368,54366,54362,54360,54358,54356,54354,81751,81749,100847,99676,99375,99346,98975,98937,98921,98598,98040,97200,94597,94594,94519,94517,94487,94485,94234,94221,94219,92778,92738,92736,91703,91701,91699,10383,91664,16928,91201,91198,91124,91108,91093,90368,89639,89637,88819,88385,88387,88383,10386,87795,87550,78873,87251,86911,86680,86678,86676,86526,83996,83993,81142,81134,81128,81123,81056,80638,80621,80208,80206,80203,80201,79811,79809,79093,79091,79085,79083,79081,78875,78818,76477,75954,75952,75460,74515,74513,74320,74291,71618,71615,71263,70846,69367,69365,69349,69339,69336,68946,68271,68052,68028,68025,67998,67996,63993,63811,63801,63661,63623,62918,62597,60995,60727,60590,58666,58178,58144,56767,56708,56670,56508,56506,56422,56412,56363,55514,55290,17970,51641,51285,50808,50725,50163,50161,48961,48960,48946,48033,47585,47549,47402,47203,47106,47104,46812,46810,45122,45120,45114,45112,44163,43435,42256,42253,40576,39826,38208,37380,36859,33972,1961,1964,21234,21232,3398,8442,900,3085,17339,17337,17214,17124,17118,17116,9944,17044,17042,17040,12274,16993,16991,5172,10379,10376,10372,10365,10360,9946,8596,6290,6286,6284,5200,5181,5155,5120,5117,4784,4781,3082,3079"
"Trà sữa, trà-cafe uống liền",3,False,Thức uống không cồn,https://cooponline.vn/groups/tra-sua-tra-cafe-uong-lien/,"107166,3144,106233,106232,103763,88900,103337,101875,101874,51638,38050,90142,90140,38008,81753,100197,100194,99161,98998,98867,98865,98863,98478,98474,97765,97791,97727,97723,97721,97718,97706,97086,58807,68949,94880,94398,94241,92780,92551,92549,92547,62036,91158,61767,61759,61756,91099,91100,25796,90138,88912,88739,87833,49715,49711,85087,85085,85083,85079,84958,84956,30675,81801,78861,78859,75712,75542,74672,74491,74463,68808,66750,66697,65700,61726,61231,59302,5169,58863,58861,58460,56802,56682,56661,56455,51636,51630,34970,42230,19507,19505,41429,16930,16493,39828,39824,39816,39410,39333,38646,38285,38213,37906,37904,37902,37647,37628,37306,6288,35461,34145,34142,34127,33940,33440,33082,33079,26198,23315,22862,22855,21641,21237,20083,19984,19931,19875,3395,19630,4210,18042,18040,17333,17120,17080,16479,4215,5191,12985,12981,10798,10369,8541,8504,8502,8499,5152"
"Dầu nành, dầu mè, dầu phộng, dầu điều",3,False,Dầu ăn,https://cooponline.vn/groups/dau-nanh-dau-me-dau-phong-dau-dieu/,"16136,12332,103390,100120,99169,96971,96968,96964,93395,1559,90768,88780,88680,88035,88030,88027,88025,88026,88022,88008,87990,86903,86159,659,597,81607,77442,76750,74770,70568,69628,69443,69442,63373,16828,45562,2931,2928,656,653,590,36625,34342,34300,27227,27219,27217,1556,12341,10019,10016,8603"
Dầu olive,3,False,Dầu ăn,https://cooponline.vn/groups/dau-olive/,"19394,103188,103186,100376,100117,93721,93393,70432,69680,69649,54746,54741,54700,54698,54696,50847,50841,50832,50830,1566,1563,41794,39739,38114,16822,23883,20468,16805,16803,7111"
Dầu thực vật,3,False,Dầu ăn,https://cooponline.vn/groups/dau-thuc-vat/,"21460,103805,100379,100267,100115,21184,20117,19406,94981,93814,93804,18056,3852,3091,91666,16826,20574,90077,90075,90073,88574,10696,88175,22848,20273,7133,7125,617,84440,79095,71508,71210,70949,70904,67174,67172,65677,63803,63370,61041,60564,54124,54121,3088,1550,643,16813,39983,39976,39325,39098,38701,1437,37653,37538,36869,36703,34395,27215,27213,25562,22880,22727,20677,620,20115,19926,19402,16817,16815,16811,16809,14761,14379,13925,10170,10168,10166,10163,6470,6468,1767,1764,941"
Cá hộp,3,False,Đồ hộp,https://cooponline.vn/groups/ca-hop/,"103617,103199,92787,92264,79740,79718,77321,77319,77317,77201,75130,75132,68345,68056,67981,67979,65463,65461,65458,65373,65371,65369,65367,63996,61332,56702,4799,50710,50706,41715,41703,41616,38186,26764,26631,24628,23950,23436,23432,4523,19089,19087,19085,19083,19079,16586,16582,16338,16336,16334,5974,4790,4535"
Pate hộp,3,False,Đồ hộp,https://cooponline.vn/groups/pate-hop/,"98158,96724,93870,92647,92645,92270,92266,79721,79685,76378,74257,74255,74253,74250,74248,70103,65507,62954,62587,61330,58128,4838,16575,50708,35831,34303,34293,20572,2956,16577,16573,4529"
Thịt hộp,3,False,Đồ hộp,https://cooponline.vn/groups/thit-hop/,"107112,105495,105493,105491,105487,100351,97225,96824,93878,93876,93874,93872,93868,93866,93858,86518,86192,84007,79729,74259,74238,74236,74214,71285,70388,70121,68041,63630,54960,45844,43370,40140,37766,37697,37695,37693,37690,36030,35758,34287,27271,23434,3367,4526,4519,16580,10734,4835,4831,4802,5972,4828,703,696"
Thực phẩm đóng hộp khác,3,False,Đồ hộp,https://cooponline.vn/groups/thuc-pham-dong-hop-khac/,"104243,101620,93864,93860,93857,93854,93851,92651,92649,91771,91712,91707,91230,90205,88811,88806,87548,87546,86474,22823,84119,84098,84096,84090,84088,84083,84081,84079,83854,79754,79752,79746,79736,79727,79697,79681,76744,76699,76380,76179,74810,74808,74771,74768,74709,74261,74216,72698,68018,65728,65724,65695,65693,65501,65498,65494,65470,65467,65465,64697,62680,62675,62673,58878,51643,45557,43486,43484,27869,40437,39079,39077,38941,36231,35834,25035,22818,3882,19824,19766,19081,18983,18538,10817,10813,10815,17194,17192,16995,8035,16571,15672,15670,15604,15149,15145,13632,13630,13628,13624,13622,13620,13618,8013,6016,4516,4197"
Bột các loại,3,False,"Gạo, nếp, đậu, bột",https://cooponline.vn/groups/bot-cac-loai/,"106419,98628,98005,98002,95732,95636,93789,93787,93785,93781,91803,91342,90515,90379,90363,88627,88625,85612,4883,84404,78999,78997,77854,76735,76321,76123,76119,76117,76001,75997,74201,73484,73482,72047,72022,71116,71114,71112,71110,71108,71106,71104,69577,67164,67139,66632,62714,61455,58873,58722,56156,46495,41847,41687,41657,38689,38184,36388,36386,35359,31575,31215,31213,28092,28090,27033,25982,25972,25884,25881,25879,25875,25873,25870,25868,25861,25857,25852,25754,25660,25657,25478,25473,25470,25467,3812,23394,22899,6039,6037,21164,21083,20198,20196,20194,19982,17428,3045,3035,16926,15219,15216,15215,13737,12378,4967,9931,9884,9885,9877,4583,7041,7035,4574,6148,6154,5908,5912,5906,5871,5868,5866,5864,5860,5437,5218,4980,4974,4568,4580,3806,3809,3039,3006"
Gạo,3,False,"Gạo, nếp, đậu, bột",https://cooponline.vn/groups/gao/,"103615,103196,31588,100684,100371,99963,99961,99959,99575,99032,98853,97760,93799,93255,93035,91520,90826,88117,87544,87266,6756,6740,84933,81607,77274,76764,76762,76760,76758,76754,74456,74453,74450,73409,70188,70109,69946,69400,69393,69288,67172,67155,67129,66744,66741,65806,65592,65576,61913,60564,60562,60552,59094,59092,56628,56475,56473,55275,54958,54837,51748,51745,51740,51674,49175,48041,44175,43596,41861,19208,41417,39909,39806,39743,39648,39567,39153,39072,39003,38715,37651,36108,35792,35649,35647,34306,33560,33558,32811,32794,32792,32230,32228,32216,31586,27180,27178,27176,27053,27047,26841,26766,26688,16295,23984,23791,23789,22884,21877,20642,17720,17130,16299,16297,16293,15610,12401,10713,10219,9098,8912,7781,7160,7156,7154,7137,7135,6761,6758,6754,5656,3800"
"Nếp, đậu",3,False,"Gạo, nếp, đậu, bột",https://cooponline.vn/groups/nep-dau/,"98612,93322,67602,16951,25644,16707,16705,6742,5881,5879,73409,69968,69393,68760,65820,65553,65480,65468,56797,6752,46551,46545,3461,38589,35724,34983,34979,34961,34959,5883,30752,30750,27620,16949,25652,25650,25648,25646,25637,25635,17487,16307,16305,6750"
Đường,3,False,Gia vị nêm,https://cooponline.vn/groups/duong/,"103694,103655,100429,100422,98971,98757,98755,41904,20241,19400,19396,22839,5931,93840,93816,93412,93410,32171,70911,5929,5935,91655,91426,91085,16786,5925,25930,58716,88680,38725,9108,87305,20212,86900,84440,70947,70945,70898,70659,70443,69546,69402,65800,65734,63769,63761,63747,62687,54708,54704,54545,46560,41875,39458,39440,27521,23423,22919,18485,18483,3138,3123,5042,15682,6458,6456,4862"
Gia vị hoàn chỉnh,3,False,Gia vị nêm,https://cooponline.vn/groups/gia-vi-hoan-chinh/,"100322,100426,100327,100320,100318,100316,100314,100312,100273,100271,100269,98832,98830,98801,96688,19398,94579,87540,87538,87536,87532,85658,85656,85633,84786,84003,84001,83922,80562,80555,80187,80185,80183,76777,76775,76771,76769,76374,76356,76354,76352,76348,76346,76344,74277,74207,72342,72337,70877,70881,70884,70858,70786,70758,70691,70622,70595,70586,70576,70446,69938,69769,69556,69429,69424,68804,62763,62761,62693,56806,56799,56762,56755,54750,46575,46565,42139,42137,42133,41285,41212,41209,40176,40174,40114,39966,38843,38112,37783,37781,35477,35470,35434,35432,35415,34998,34996,34994,34384,34382,34349,31703,31701,24810,24807,24816,24813,22841,22833,22826,21148,21146,20603,3464,19214,19212,19210,16857,16788,10341,5944,5942,5754,5209,2938"
Gia vị khác,3,False,Gia vị nêm,https://cooponline.vn/groups/gia-vi-khac/,"106297,106241,105478,103181,103133,100542,100539,100528,100477,100470,100074,100053,99290,99153,98771,98769,98767,98496,97984,96784,93656,93473,93426,93422,93420,92228,91422,91394,91194,90015,89025,88878,88342,88336,88213,88165,87607,87604,87602,86292,85948,85946,65824,85637,17015,84092,84067,83934,83930,83914,83912,83832,83821,80189,80181,80130,80126,80123,80119,80117,80115,79742,79669,78148,76752,74285,71118,70696,70681,70677,70673,70667,70671,70629,70627,70624,70615,70611,70609,70607,70605,70602,70579,70448,70408,70393,70391,70169,70144,70139,70131,69765,69763,69727,69723,69695,69611,69461,69459,69421,69405,69399,69027,65929,65810,65788,65622,65567,65559,65556,62759,61429,59031,57877,56804,54736,54731,54723,54719,54714,54643,52008,50828,50824,50822,50818,46565,21144,42021,41873,41871,41625,3126,40349,40116,39974,12356,38697,38695,38693,37775,36958,36956,35720,35718,35175,35173,35171,35169,34357,34298,31685,27714,24819,23042,23381,22979,22948,22007,20607,20585,20210,18481,4365,18271,193,17374,16870,16868,15666,13973,12111,10705,7597,7590,6962,5927,4760,4369,4137,857"
"Hạt nêm, bột ngọt, bột canh",3,False,Gia vị nêm,https://cooponline.vn/groups/hat-nem-bot-ngot-bot-canh/,",9442,89940,104815,103694,103691,103390,100267,98882,98879,98877,98052,97848,96691,96688,93819,90295,88179,84792,84011,84005,81605,74666,72332,71414,58796,56672,54712,54519,54113,54054,51908,27378,47840,46479,9439,2631,44171,20119,42017,42015,41623,41615,27264,37522,5206,35998,11336,34630,27269,27267,27229,25555,24715,22872,1604,21150,20121,19826,2891,19034,19032,17210,187,15657,14334,14330,13739,12399,10245,10243,10241,9445,5933,5937,4763,3437,3434,2344,1401,1398"
MuốI,3,False,Gia vị nêm,https://cooponline.vn/groups/muoi/,"106416,106414,106412,100479,98155,98152,96928,95651,94565,93414,93031,91261,91136,91134,90540,89713,89711,89026,83928,83920,83918,74577,70685,70493,70481,70429,70095,70093,69761,69742,69740,69454,69450,69446,69427,67929,65585,62553,60681,58122,56732,56726,54717,54706,50815,45088,42129,41203,41149,40356,40353,40351,39970,39968,39040,36000,34372,34355,34322,27065,26639,24698,22874,21110,5054,20599,20593,19386,13668,3944"
"Khô sấy, chà bông, ruốc",3,False,"Lạp xưởng, xúc xích, khô sấy",https://cooponline.vn/groups/kho-say-cha-bong-ruoc/,"106328,106325,105389,104941,104237,104223,103787,103767,103671,48128,100353,99573,99570,99566,99561,95800,95798,94104,94099,94092,94089,94083,94067,93910,93907,90367,89743,41709,88651,88228,86522,65538,65519,81974,80429,80427,79822,79820,79124,79122,78183,70532,69372,69369,68489,66147,62730,61712,16531,60673,57305,57300,57027,57012,55678,54484,51916,51914,51912,51667,50778,50774,50153,50151,50112,49628,49626,49624,49611,48387,48316,48294,48181,48177,48067,45910,45065,45063,45061,45053,45029,45027,44794,43725,41591,10715,36366,35948,35851,35849,32558,27817,27815,27061,27059,27056,27043,27040,27038,26770,26058,10286,2799,23090,23005,22188,18969,18967,18413,17331,17329,17327,17325,17323,17321,17319,17317,17315,17245,16932,15674,13588,13586,1770,10717,10587,10291,9979,9969,9904,9900,9898,8184,5970,4538,2870"
"Lạp xưởng, xúc xích ăn liền",3,False,"Lạp xưởng, xúc xích, khô sấy",https://cooponline.vn/groups/lap-xuong-xuc-xich-an-lien/,"105388,105387,103706,103702,25475,103104,103100,98824,98514,94418,94407,89917,89915,83271,81891,81846,81842,81788,78429,77221,74275,74273,74271,74269,74267,74263,72759,72755,72713,72711,70538,70536,69956,69954,69387,68952,68753,68232,17230,4112,58702,56790,56746,56684,23589,49564,49562,48411,48379,48324,48318,46911,46882,46880,46156,41158,37327,35510,32790,27848,27370,27366,26194,26187,23591,20354,20352,3767,3629,17257,17228,17111,16944,16942,16940,14184,14183,14164,14162,14160,14158,58761,12965"
Bánh ăn sáng,3,False,"Ngũ cốc, bánh ăn sáng",https://cooponline.vn/groups/banh-an-sang/,"101812,101773,93688,93567,84578,84576,84434,3217,4880,4877,54590,54437,54418,54408,54144,41790,41771,41713,41629,35181,31205,1115,23011,2165,20478,20476,20474,18562,18226,3220,3214,3175,8410,8408,8406,8404,8402,7421,7413,5875,5697,736"
"Ngũ cốc, yến mạch",3,False,"Ngũ cốc, bánh ăn sáng",https://cooponline.vn/groups/ngu-coc-yen-mach/,"106903,106746,106744,106345,101854,101834,101829,101250,101247,101236,101229,99302,96916,93783,93706,93704,93554,93326,93324,92855,92234,91346,89771,88123,87207,87202,86662,86520,86027,84148,83355,83353,76474,76165,76163,76161,76159,75017,73492,73469,73403,73397,72010,71620,71506,71283,71280,71267,68323,67829,67828,67141,65834,64131,63768,63765,63763,63758,63756,63750,63748,63650,60679,59505,58173,58151,56931,55326,55324,55322,54633,54606,54568,54529,52739,51713,47560,47555,43441,41152,17109,40138,38945,37560,35626,32801,31038,31036,23013,18474,18081,17900,10888,9925,7417,6725,6514"
"Bánh tráng, phồng tôm, lương khô",3,False,"Nui, mì, bún, bánh tráng",https://cooponline.vn/groups/banh-trang-phong-tom-luong-kho/,"103667,99992,94381,93757,91695,91692,91132,91121,91119,91117,90381,90030,90028,90026,90020,88102,88085,88084,88076,88075,87700,3776,84401,83401,81948,77351,77349,77346,74627,74622,74466,56750,56428,47215,47213,42313,41863,32175,31573,31217,26871,26189,23577,3905,21178,3632,18933,18985,18902,13725,13715,13713,13711,3913,3908,3901,3898,2661,2658"
"Nui, mì, phở khô, bún khô",3,False,"Nui, mì, bún, bánh tráng",https://cooponline.vn/groups/nui-mi-bun-kho/,"106811,106763,106483,106035,106030,106026,105500,105497,105376,100816,99965,98161,97687,97563,94373,93330,93328,92782,91447,91342,91126,90363,90224,90220,90217,89709,88959,88109,88108,88103,88104,87953,87933,87931,87927,87611,86501,84931,5137,46720,17278,35946,83999,83926,83924,81948,81943,80623,77251,77249,77243,76616,76625,76623,76621,76619,76472,76423,76421,75433,75431,75429,75427,75425,75423,75421,75418,75416,75414,75409,75407,75405,75403,75401,75399,74640,74527,74503,73471,70941,70939,70936,70907,70648,70161,70159,69942,69361,69359,69304,69290,68810,68325,67135,67133,66230,65341,65329,65317,65313,65304,63745,63743,63741,61716,61674,61149,61006,61000,59088,56781,56477,56434,56432,56196,52325,52323,52057,52055,51758,51756,46718,46698,46160,44167,42305,42303,17270,39471,39469,39467,38767,38158,37146,36245,35922,35920,34407,31565,26046,24972,24703,23046,22989,22916,21166,20587,20582,19771,18935,18931,18995,18906,18079,18062,17749,17290,17280,17276,3782,5571,3638,16464,15680,13749,13747,13745,13709,12372,11389,10736,10729,10278,10276,10274,10266,10078,10076,10074,10072,10070,10066,10064,10060,9913,9890,9029,8884,8020,8011,8009,7986,7954,5563,5149,4710,4355,4343,2664"
Mắm các loại,3,False,"Nước chấm, mắm các loại",https://cooponline.vn/groups/mam-cac-loai/,"104729,104703,104698,104684,104682,104679,104676,104672,104668,104666,104662,104660,104658,104656,94192,94188,93888,93886,93884,93882,93408,91420,91106,91104,91087,81814,81812,81810,81806,81793,69457,69435,67902,59044,42588,42582,42580,42578,41589,40009,39735,37163,36005,35562,35546,30768,28596,28594,28589,28587,28584,28582,28580,27840,3361,18684,18682,3861,3370,17226,3864,17145,13640,7303,4510,3879,3855"
Nước mắm,3,False,"Nước chấm, mắm các loại",https://cooponline.vn/groups/nuoc-mam/,"106742,106478,106285,106267,100415,100412,100410,100406,100404,100390,100385,100381,96961,96954,95700,94205,93403,91162,91156,91115,91097,90396,90392,89641,27245,88859,88571,88074,88066,88065,88064,88055,85944,84223,15661,84061,84059,84057,7295,5333,82036,81938,77341,75647,75644,73490,73441,71023,70953,70859,70591,70565,70563,70462,70163,68404,67919,67137,66693,66691,63817,63815,63774,5388,5331,60684,59048,59046,58887,58464,56929,56198,54733,54724,6591,52681,52679,51690,51669,50968,48968,48966,47696,44906,44399,44173,3446,41419,41226,41143,41141,27258,27256,40112,39962,39043,35508,35020,34460,32165,32151,27262,27260,27253,27247,27243,27241,27234,26635,24762,24548,22850,21451,21389,21138,21136,18359,18357,18355,18353,18351,17376,17306,17292,16784,11463,10348,8624,7299,6597,6595,6586,5386,4372,3452,3443,3440,3430,3427"
"Nước tương, nước chấm",3,False,"Nước chấm, mắm các loại",https://cooponline.vn/groups/nuoc-tuong-nuoc-cham/,"102727,100398,98140,97987,97830,96973,95735,93418,93405,93402,93400,93397,91805,91203,86984,6539,84790,84055,84040,81938,79098,77442,76788,76092,71410,71135,70817,70693,70410,69397,69394,67906,64704,62926,57153,56769,50826,50812,50810,45854,43808,39964,38404,6791,36224,35382,32162,31670,27239,24746,22987,20823,19652,18973,18419,17755,17722,16438,10711,10149,6799,6795,6793,6719,6717,6544,6541,6496,3458"
"Cháo, bánh đa, bún, cơm, canh ăn liền",3,False,Thực phẩm ăn liền,https://cooponline.vn/groups/chao-banh-da-bun-com-canh-an-lien/,"107131,106740,106738,106736,4352,3764,9084,100346,100343,99967,98775,98773,98759,97844,96126,95959,95957,95953,95935,95750,95748,94604,94603,94601,94390,94364,92226,92224,91673,91671,91669,90577,90046,90040,90033,90019,89808,86188,86186,86171,86169,2254,83857,76673,76671,74985,74979,74975,74658,74648,74646,73480,73478,73475,72867,69346,69013,17906,64098,64097,64017,64011,64008,62980,62976,62966,62963,60722,58621,58619,57054,9717,9715,55516,6936,52053,52051,46456,46445,21094,45031,43844,21096,43334,43332,41902,39157,38828,38824,38820,38180,37144,37138,37136,37006,36237,36235,36233,31571,31569,28000,27184,25440,23780,20464,18991,18971,10829,10819,17912,17100,17098,16904,16902,14028,14016,14014,14012,12113,10742,10013,10010,10002,9995,9993,9991,9768,9766,9763,9761,9759,9757,9755,9750,9748,9736,9734,9732,7028,6140,6138,5268,3788"
Mì gói ăn liền,3,False,Thực phẩm ăn liền,https://cooponline.vn/groups/mi-goi-an-lien/,"107001,106734,106475,8874,21152,8850,8848,103876,103872,103871,103599,103192,103190,103148,101611,100334,100302,100298,100296,94404,37133,37129,98789,98787,98785,98783,98457,98149,98146,97999,97996,97993,97990,97209,97207,96914,96896,96791,96789,96716,96713,95730,95634,95632,94812,94806,94584,94582,94420,94417,94409,94403,94400,94378,93334,92799,92798,92797,92796,92789,92755,92639,92637,92221,92206,92204,92202,92200,92198,92196,92189,92186,92184,92182,92121,92118,91773,91287,91141,91122,91077,91075,90574,90265,90222,89802,89799,89795,89793,89791,89787,89779,14692,89065,88961,88162,87941,87939,87937,87935,87924,87914,87912,9406,9401,9399,87453,87445,87443,87413,87406,86498,86465,86146,86144,86142,86138,86135,19769,85619,85617,9397,9392,53452,21170,85056,85053,85049,85045,84781,84779,84777,84775,84773,84771,52299,81799,81795,81016,80619,80578,80576,80355,78779,78777,78775,78770,78768,78765,78762,77870,77868,77233,76617,76614,76612,76608,76606,76604,76376,74678,74676,74637,74625,74620,74509,74454,74446,74337,73467,72871,72869,72386,72377,71353,71351,71345,70640,70604,70115,70113,69936,68750,68308,68306,68295,68275,67927,67495,66699,66695,65702,62958,62920,62753,62698,61357,59846,58763,59090,58851,58782,58780,58777,58775,58773,58768,58615,58612,57245,56821,56817,56814,56784,56704,56692,56665,55637,54841,54809,53460,53458,52306,52303,52297,52006,52004,52002,50962,48952,47277,46702,46700,46696,45086,44181,44177,42301,40132,40124,40118,39990,39798,39791,39323,39057,38801,38799,38797,38142,37210,37127,37125,36713,36378,35367,35363,31281,31278,29774,28008,27905,27503,27203,27201,27199,27195,27193,27190,27186,27182,25932,20412,25568,8695,24564,22845,23873,21875,20620,20535,20533,20531,20424,20420,20416,1525,19218,19216,18997,18493,18491,17922,17920,17914,8699,17799,17757,17753,17747,17725,17717,17715,17713,17709,17272,17254,17096,16460,15602,15596,15594,15592,14683,14680,14669,5134,12957,12955,12953,10884,10738,10272,9419,9416,9403,9395,9373,9367,8872,8814,8809,8807,8802,8799,8794,8792,8787,8783,8776,8758,8739,8702,8678,8472,8469,8450,8440,6563,6550,6547,6510,6508,6506,6504,6436,1690,1352,549,544"
"Mì ly, tô, hộp ăn liền",3,False,Thực phẩm ăn liền,https://cooponline.vn/groups/mi-ly-to-hop-an-lien/,"107003,106985,106981,106974,8869,21154,27996,104322,104320,27994,8860,8844,8840,101618,101616,101614,100349,37148,37131,98463,98143,20632,97824,97818,97558,97557,97555,97553,97549,97489,97205,96911,96722,96719,96717,96676,96673,94580,94396,93332,91277,90715,15588,89797,89728,89037,87920,87918,87916,87404,7956,86896,86891,86731,86729,86728,86726,86720,86718,23574,16458,85853,85671,85669,9040,10746,78772,77241,75710,74664,74629,74524,74511,74471,74500,74507,74534,72865,72863,69584,69382,69355,62702,62700,57256,57252,57250,56706,56680,56645,55328,52367,52301,52295,52292,37158,52010,51749,43467,28010,40134,40130,40128,40126,40122,40120,40065,40063,39794,39053,39051,39049,38813,38811,38752,38750,38386,38156,38146,38144,37796,37791,37339,37337,37335,36894,36890,36719,36717,36715,6556,36016,31285,31283,29776,29771,29768,28029,28027,28012,28004,28002,27907,27506,27499,27495,27491,25794,14685,22805,22812,23108,21108,21106,21104,20634,20522,20426,20422,20418,20414,19009,19003,18999,18987,18050,16799,16797,15600,15590,14686,14677,14033,12403,12272,12270,12117,9388,9386,9383,9077,9038,8454,7311,6656,6560,6142"
"Miến, phở, hủ tiếu ăn liền",3,False,Thực phẩm ăn liền,https://cooponline.vn/groups/mien-pho-hu-tieu-an-lien/,"106724,9778,27909,16946,39788,21158,37123,20580,100199,98811,98809,98805,98799,98793,98791,96796,96794,6983,36374,96678,6705,15598,94380,94375,92751,92749,92747,92742,91705,91281,91279,91112,91110,91089,89812,89810,89806,89804,89732,89730,89192,89191,89188,89187,87951,87949,87947,87945,87943,87929,87922,95709,56758,87467,87463,87396,87394,86716,86714,86712,86704,86702,86700,84065,84063,84014,81024,81022,81020,81018,80590,77272,77266,76020,76019,74660,74642,74633,74618,74616,74614,74521,74477,74475,74441,70111,69962,64349,61435,61433,59909,58787,10352,56776,56740,51310,51308,45049,43471,38148,36711,36384,36372,36370,34403,31273,31269,27998,27992,27501,27497,27493,17102,9782,9780,23783,22717,21092,20630,20628,20626,20350,20200,1456,18054,18052,17104,14674,10068,9853,9784,9770,8893,6703,4713"
"Mayonnaise, sốt",3,False,"Tương, sốt",https://cooponline.vn/groups/mayonnaise-sot/,"103139,103136,101769,101767,101765,101763,101761,101599,101598,101570,101568,100914,100551,100549,100547,100533,100525,100521,100519,100516,100514,100512,100505,100503,100499,100497,100495,100483,100474,100310,100221,100216,100214,100209,100172,99382,98630,97846,97821,97217,97214,97211,96711,96708,93821,93801,93798,93673,93671,93669,93667,93665,93663,93658,93654,93652,93493,93489,93487,93485,93483,93481,93479,93477,93475,93471,93469,93466,93464,93449,93458,93456,93453,93451,93446,93443,93441,93437,93428,93424,92800,92219,92217,91442,90263,90039,89734,2935,41231,88339,10709,87402,86512,86503,86297,86295,86177,86173,86155,86154,85956,85954,85952,85654,85635,84788,79750,79744,78145,76350,75544,40110,74573,6966,70897,70895,70888,70892,70728,70722,70583,70450,70157,70154,69993,69991,69767,69526,69414,69398,68970,68800,65839,65837,64347,64345,64091,63985,63760,63065,63063,63061,62724,62722,62691,62689,61720,61718,61355,61353,61006,61000,60675,58672,58467,57196,57162,56786,56350,54735,54737,54035,52981,52569,52375,52373,50964,50826,50807,50802,50800,50798,46779,46777,7089,46775,40347,40345,40334,40332,40178,40172,40108,40104,38699,38601,38596,38135,38133,38131,38129,37374,36002,32240,31689,31687,25780,24970,15668,24720,24712,24700,22983,22876,22722,20610,19640,18479,18477,17751,17737,17703,16127,13636,10080,9110,8023,4849,6970,5390,5017,4361,3885"
"Tương ớt, tương cà, tương đen",3,False,"Tương, sốt",https://cooponline.vn/groups/tuong-ot-tuong-ca-tuong-den/,"106761,100537,100531,100510,100501,100493,100490,100201,100170,100168,98626,98167,98164,97827,97528,97524,95923,95737,94475,94473,93837,93448,93439,93432,93430,92635,90264,88348,88346,88343,85777,85774,84075,84073,83932,71412,71120,71134,70821,70464,69729,69675,69672,69644,69566,69524,69417,69408,69397,69396,69395,68960,66642,62952,62950,61701,58811,58664,58451,58134,58126,57151,51702,51700,42131,41214,41145,38410,38406,30304,26633,4358,22975,22954,22857,21449,21454,21457,21117,20456,18692,17774,17729,16434,5125,10700,9101,8940,8933,7271,7269,7267,6773,6771,6769,6767"
"Bình sữa, phụ kiện",3,False,Chăm sóc bé,https://cooponline.vn/groups/binh-sua-phu-kien/,"89930,89927,89925,88260,88255,20030,67681,67668,67650,67646,67382,51727,42287,42285,42282,39848,39846,39844,39721,39719,39349,33250,33232,30291,29704,29638,29636,29296,28797,28411,28407,28402,28392,28378,28373,28368,28325,28318,28316,27137,2653,21292,19889,19863,5290,16094,14609,14324,14322,12652,5002,10478,9655,9628,9625,9356,5792,5790,5788,5300,1009"
Đồ chơi,3,False,Chăm sóc bé,https://cooponline.vn/groups/do-choi/,"72146,72133,72081,72125,72111,66124,66090,66112,65655,65648,65638,65635,64874,64769,64766,59716,59714,59712,59710,59708,59706,59704,59702,59700,59698,59696,59694,59692,59690,59688,59686,59682,59564,59563,57092,57089,40762,40760,40757,39898,37732,37729,19482,19458,19456,19454,10182,10180"
"Kem, bàn chải cho bé",3,False,Chăm sóc bé,https://cooponline.vn/groups/kem-ban-chai-cho-be/,"26250,89923,89921,14552,77840,64618,63555,63551,63548,63538,63534,63506,42011,39617,39615,39613,38777,38775,14551,30521,30519,30488,30443,30439,30437,30435,30433,30431,28193,28189,28182,28169,23665,23663,14555,13865,13863,13853,7008"
"Tắm, gội, giặt, xả",3,False,Chăm sóc bé,https://cooponline.vn/groups/tam-goi-giat-xa/,"97685,97637,93038,90369,89820,89818,89757,89755,14594,14571,85677,85675,85673,83074,83051,71201,71199,71148,71079,71077,67231,66536,66532,64628,63672,59122,59065,56546,51271,51269,44294,44292,41947,39754,39609,39606,39604,39601,39351,38788,34411,33700,33697,28399,28395,28312,28310,28307,28303,28300,28297,28294,28292,28290,28288,28286,28271,28266,28264,28257,28251,28247,19859,14569,13334,13335,13064,9353,9352,2083,2077,1663"
Sữa bột cho bé,3,False,"Sữa, thực phẩm cho bé",https://cooponline.vn/groups/sua-bot-cho-be/,"90229,90226,84428,84426,84421,84413,84410,84156,84146,84140,84137,84134,84132,84130,84126,77325,64202,62255,62241,62235,62230,62224,62092,62085,61258,40106,38533,38192,36362,36328,36097,36081,36079,36073,36071,35730,31719,31717,14788,4121,3923,122,19144,4124,12548,11751"
Thực phẩm cho bé,3,False,"Sữa, thực phẩm cho bé",https://cooponline.vn/groups/thuc-pham-cho-be/,"96028,96019,93723,93388,92272,16807,41829,62083,62081,62079,62077,62075,6933,38579,21182,11769,9728,9726,9723,8390,6931"
"Tã dán, tã vải, tấm lót",3,False,Tã bỉm,https://cooponline.vn/groups/ta-dan-ta-vai-tam-lot/,"67857,67851,57839,87696,67515,67386,59035,30121,30070,30064,30062,28231,16012,16010,9331,9326,9328"
Tã quần,3,False,Tã bỉm,https://cooponline.vn/groups/ta-quan/,"103006,103004,9350,9348,9345,99023,99021,91822,91820,91818,91816,89205,89202,89201,88285,9344,74727,74723,71880,71877,71874,67777,67775,67674,67672,64655,58921,42409,42406,39700,39698,39695,39693,18711,18709,18707,18705,12663,16008,16004,12661,9415,9412,9409,9404"
"Băng, dung dịch vệ sinh, tã người lớn",3,False,Chăm sóc cơ thể,https://cooponline.vn/groups/bang-dung-dich-ve-sinh-ta-nguoi-lon/,"104430,104428,104426,104420,104418,103942,101913,101907,99680,99656,99654,99445,99443,97978,97461,97459,97456,97453,97450,97441,12680,94641,94632,89635,89633,89349,89305,89298,87590,87558,9318,33254,85150,85148,18755,18753,84344,18757,73714,73712,73598,73596,73594,73592,73590,73588,73584,73575,73536,73460,73391,73372,73250,73245,73238,72963,72422,72358,72351,72346,72340,71866,71713,71657,71669,71666,71663,67796,67765,67763,67002,66827,58977,58975,58827,56908,56906,56812,56698,56668,56619,55271,55269,55259,55257,46379,43841,42102,42100,42038,42036,42034,42030,42028,42026,42019,37491,33252,30298,30296,30123,30048,30039,30037,30035,30031,30029,30027,30025,29997,29993,29990,29988,29986,29984,29890,29888,29884,29880,29878,29876,29872,29870,29868,28690,28688,28685,28683,28681,28679,28677,28675,28670,28666,28213,27074,25224,9320,16048,16046,16044,16041,16034,16032,16030,14596,16502,16500,12678,12676,12674,12672,9480,9315,7995,7992,7255,7253,6032,3573,1807,1136"
"Dao cạo râu, tăm bông…",3,False,Chăm sóc cơ thể,https://cooponline.vn/groups/dao-cao-rau-tam-bong/,"99658,99569,99564,99560,99539,99002,97975,93058,89927,85301,85262,85256,85243,85232,85157,85106,79324,78945,78902,77781,77779,77770,77767,77756,77743,77723,77720,77688,77671,77669,77641,77586,77565,77562,77535,77531,77527,77523,77521,77517,77481,77478,77475,77467,77465,77463,77461,76648,76646,76644,73838,73821,73791,73788,73694,73696,73687,73685,73638,73636,73634,73625,73622,73617,73615,73612,73610,73605,73582,72418,72416,72414,72411,71661,71205,71203,70968,70955,67841,67823,67260,66939,66931,66928,66842,66840,66836,66833,66829,66104,66496,66572,66569,66567,66565,66516,66513,66508,66502,66312,66310,54061,52643,46264,6028,45603,43115,43112,42748,42742,42739,42730,42262,42071,42069,42066,42054,31996,31043,30556,29689,29681,29678,29634,29291,29288,29286,29284,29277,29275,29269,29264,29262,29062,27133,19865,16764,14309,14307,14305,14303,14301,14299,12918,11553,11551,11549,9657,6480"
Dưỡng thể,3,False,Chăm sóc cơ thể,https://cooponline.vn/groups/duong-the/,"30300,11565,103557,101803,31557,31544,91723,83267,76455,76450,74946,74738,71802,71799,71281,64963,64960,63493,12940,54237,54235,52650,52647,52072,50638,50636,48912,48910,48699,48697,47300,47298,40670,39624,39622,39518,28149,37469,37467,6356,21491,33262,33259,30550,30199,29673,29670,29668,29666,29558,21479,21477,21475,21473,21471,20557,16087,16083,15447,15445,12934"
"Kem, gel tẩy tế bào",3,False,Chăm sóc cơ thể,https://cooponline.vn/groups/kem-gel-tay-te-bao/,"98819,98818,98817,95836,95834,95831,95828,79322,79293,79291,77471,73569,73567,72622,72621,72620,33322,30395"
"Sản phẩm khử mùi, nước hoa",3,False,Chăm sóc cơ thể,https://cooponline.vn/groups/san-pham-khu-mui-nuoc-hoa/,"107030,107029,107023,107019,107013,106994,100560,100558,100556,100554,98816,98815,98492,98483,73538,67004,95126,95123,16079,90012,90001,89999,89993,89991,89989,89987,89964,89967,89840,89838,89836,89624,89614,89533,89530,88865,88863,9164,89948,89943,83047,83045,83043,83041,83039,83037,63460,63481,90403,81050,81030,78931,77838,77836,77827,77815,73999,73997,73993,73586,73542,72843,72784,72799,72795,72791,62031,67810,67804,67802,67790,5675,67236,66992,66965,66797,66787,66441,66404,66400,66395,66391,66374,66355,66116,66107,66100,66161,66086,64626,6980,11587,36116,6978,38983,61228,61226,61223,61221,61215,61210,61098,61095,61092,61201,61199,61192,61187,56556,56554,56102,56100,50610,50601,41374,41372,40625,37489,37449,28233,28221,36424,26906,36142,6976,12682,33418,33416,33414,33412,32060,32031,32027,32023,32016,32006,32002,31953,31951,28243,28240,28236,28218,28202,28199,28196,28186,28181,28130,28127,26976,26380,25531,2009,3560,3557,5090,13036,13033,13032,13028,13025,13024,11608,11606,11604,11601,11594,11591,11585,11583,11581,11579,11577,9489,9487,9484,9482,9246,9166"
Sữa tắm,3,False,Chăm sóc cơ thể,https://cooponline.vn/groups/sua-tam/,"13880,97245,90820,107067,107066,107065,107064,84993,106798,106797,106794,106466,106458,106447,106443,103126,103120,101794,101791,101788,101459,101456,40863,100377,99526,99524,99516,99467,99453,29785,9173,99041,40871,97981,97628,97624,97622,97342,97247,31555,31553,31551,21489,21487,83659,95210,95208,95120,94979,94977,94962,29783,29738,29710,94217,92969,92967,40869,40865,40861,40857,40859,5473,91743,91740,91714,91709,90370,90252,90248,90010,90008,89995,89832,89830,13897,13895,63390,13066,88019,88062,88059,87891,87888,87887,87885,9171,86643,86641,86639,85298,84995,84987,83668,83364,83261,83051,82727,82706,81657,81655,81653,81651,81649,81647,81045,80349,80346,78941,78921,78919,78631,77904,77901,77899,77817,77809,77807,77501,77455,76470,76468,74989,74935,74341,74133,73858,73443,73422,73388,73384,73381,73378,73288,73255,34084,73098,73091,73087,73084,72998,72995,72992,72989,72986,72625,72624,72361,13059,71357,71355,71308,71304,71300,71297,71289,71089,71087,71085,28170,68228,67869,67867,67848,67761,67748,59419,67683,67536,67529,67365,66422,64661,64659,64657,40867,63499,63497,34615,46466,63054,63052,61489,61482,61026,61022,29664,59871,59869,59417,58950,58946,58825,58823,58821,58819,13343,13884,57218,56568,56560,56552,56084,54071,54069,52759,52757,52755,52753,52745,52098,52096,52094,33375,33371,51910,56098,56096,56094,56092,50621,50619,46323,46321,46319,34613,34611,34609,45612,45586,45564,44884,29779,29760,28172,44491,40608,44298,44290,44288,44286,44284,44282,44273,44271,44269,35370,41967,41671,41481,26821,9228,9226,40610,1096,39639,39636,39626,39520,39362,39359,39357,39355,39346,39032,39030,39028,39015,39013,39011,38773,38087,38085,37589,37445,36621,36619,36602,36588,36586,36566,36564,36550,36416,35970,35964,26825,35372,35008,34738,34474,34472,34470,34468,34082,33385,20254,30698,29799,29797,29795,29793,29791,29787,29781,29758,29756,29754,29748,29746,29744,29742,29740,29730,29726,29716,29708,29688,29662,27129,27126,26819,26375,25525,25521,9236,9239,20705,20721,20261,20259,20257,20226,20224,18723,16018,15443,15441,14579,14574,13903,13901,13871,13341,13339,13061,9235,9230,9231,6415,4007,3996,3978"
Sữa tắm nam,3,False,Chăm sóc cơ thể,https://cooponline.vn/groups/sua-tam-nam/,"106494,106480,106477,99510,98947,94967,94965,89954,85500,78912,77499,77497,77490,67430,64739,64737,64616,64614,16028,59873,54115,36596,36594,32033,29692,26496,26484,26479,20679,16000,15998,13056,13055,9477"
Xà bông,3,False,Chăm sóc cơ thể,https://cooponline.vn/groups/xa-bong/,"99529,99522,99519,98814,98813,30694,29812,89997,81040,78910,77813,77811,67860,66126,59017,50603,41971,37438,37436,37434,34593,32040,32038,31538,29815,29810,29806,29804,16002,10215,10211,10207,10204,10202,10198,10193,10191,10189,10184,10177,10151"
Bàn chải đánh răng,3,False,Chăm sóc răng miệng,https://cooponline.vn/groups/ban-chai-danh-rang/,"75873,75875,75870,103153,103146,103138,9287,9289,93056,93054,50586,26321,15981,89293,89289,89244,12925,12920,88747,50588,9285,29215,86034,85165,83712,83248,80487,78939,76068,75883,75881,75879,74732,73881,73879,73710,72736,71443,71440,69302,69300,66307,66303,66301,66299,66297,66295,63840,63838,63835,63833,63557,63525,63510,63508,62022,60444,15971,59587,58938,58936,54239,55472,55461,52075,55450,51283,50327,48489,48487,46908,46317,46315,46311,46301,46281,51316,43681,43445,43315,43310,43222,42643,42003,30537,41376,41348,41333,41329,29213,15979,37581,15977,12926,30548,30544,30543,30541,30535,30533,30527,30525,30523,29821,29819,29817,28195,28157,28150,28119,28115,26889,26768,20832,18767,18765,13881,13877,13875,13872,13869,13867,12929,12903,11570,11547,9273,9271"
Kem đánh răng,3,False,Chăm sóc răng miệng,https://cooponline.vn/groups/kem-danh-rang/,"106124,106088,104404,104402,103586,103580,103575,103170,103165,103160,102962,102960,101809,13909,30452,14541,7018,98977,97908,97905,97902,97899,97896,97674,97673,94971,94969,28635,50329,91838,89567,87596,86332,85870,41361,83416,83414,36412,82040,82038,81641,81639,78904,77849,77846,76793,76089,74740,74720,74715,9279,73708,72316,72312,72300,72296,72285,72282,70789,70775,68213,67458,64719,64650,64452,64445,40645,41382,41386,6248,61130,15973,59146,58965,56860,56857,54229,54227,54225,54067,53604,52416,51921,51919,13911,51267,50623,50327,45614,45570,1585,1581,43855,43685,42251,42046,41380,41378,41368,41365,41362,40643,40204,40202,40198,40195,16096,39772,39770,39702,39690,39688,39686,39426,38781,38779,11543,36600,36598,36568,35376,35374,34601,34599,34572,34570,34567,30472,30470,30468,30466,30464,30462,30460,30458,30450,30445,28755,28179,26832,26828,24097,18727,14545,11545,11541,9297,9295,9291,9292"
"Nước súc miệng, chỉ nha khoa",3,False,Chăm sóc răng miệng,https://cooponline.vn/groups/nuoc-suc-mieng-chi-nha-khoa/,"99465,99460,99457,26228,89044,89041,89040,38831,88206,26317,83710,83708,83706,83703,78900,78898,78896,78894,77825,77517,77420,76660,76655,76650,74711,73704,67779,54833,52749,52747,50941,44280,44278,44276,30474,16884,40218,40212,40210,40200,39768,39766,36459,34603,34565,32826,32824,31541,30429,30426,30423,30415,30413,30411,30409,28801,28799,28205,28200,28147,28145,26778,24991,24986,23312,23303,12900,9894,6478,6476"
"Bao cao su, gel bôi trơn",3,False,Chăm sóc sức khỏe,https://cooponline.vn/groups/bao-cao-su-gel-boi-tron/,"99578,73963,73877,73800,73797,73795,29491,28654"
"Dung dịch rửa tay, khẩu trang",3,False,Chăm sóc sức khỏe,https://cooponline.vn/groups/dung-dich-rua-tay-khau-trang/,"103178,103175,103126,103120,101937,101781,101779,101777,101775,100588,100584,100582,99514,99450,97344,96623,96621,95776,95774,94592,94016,94013,94010,91369,90370,89977,89975,89962,89960,88252,88250,86312,86310,85152,85035,84338,84336,82930,78906,77797,76466,74426,73987,73719,73716,71796,71793,71788,71717,71711,71708,71704,71701,71448,67664,67339,67337,67330,44911,28207,28209,63491,63489,59589,59142,59140,59138,59136,59032,59029,59027,59021,58944,58942,58898,52528,52526,52524,34621,50506,50332,49200,48874,48358,48340,47010,46897,46894,46849,46846,46844,46389,34625,34623,6673,44909,42417,42415,42089,42007,41494,41489,27083,26508,39760,39758,39723,39446,39444,39009,38791,37850,37848,37846,37844,37481,36627,36422,35962,35959,35641,35378,34075,34073,34068,34060,33021,33016,32994,31023,30060,29677,28639,28496,27108,27106,27081,27071,26776,26774,26772,26760,26551,26549,26547,26545,26543,20373,20371,10039,6670,20228,18022,17979,17609,17607,17600,17596,17236,17234,14287,14285,14283,14281,14279,14273,12613,12611,10052,10049,10047,10045,10040,10042,10036,10035,10031,10033,10029,9659,9645,9643,9601,6890"
